TimeBKK,total,free,availableWithoutBorrow,usdValue,spotBorrow
06:00.6,224.0992204,178.1234179,178.1234179,224.0992204,0
06:00.2,220.7130029,174.4709729,174.4709729,220.7130029,0
06:00.2,227.1605478,178.0161405,178.0161405,227.1605478,0
06:00.4,226.5129221,178.4055846,178.4055846,226.5129221,0
06:00.5,228.7111281,180.5219406,180.5219406,228.7111281,0
06:00.7,229.2428471,181.0536596,181.0536596,229.2428471,0
06:00.7,227.2716793,178.4888218,178.4888218,227.2716793,0
06:00.9,226.9508879,175.9508073,175.9508073,226.9508879,0
06:00.1,229.5499882,179.3560633,179.3560633,229.5499882,0
06:00.8,230.4659901,180.4925988,180.4925988,230.4659901,0
06:00.1,232.1989538,182.015629,182.015629,232.1989538,0
06:00.4,224.5284979,172.2970879,172.2970879,224.5284979,0
06:00.6,224.2022238,170.6395243,170.6395243,224.2022238,0
06:00.7,219.6165567,164.8689267,164.8689267,219.6165567,0
06:00.8,224.93298,168.7472546,168.7472546,224.93298,0
06:00.9,227.385638,170.928783,170.928783,227.385638,0
06:00.3,221.6018767,165.4705642,165.4705642,221.6018767,0
05:58.9,221.2137542,165.6882467,165.6882467,221.2137542,0
06:00.1,236.1212338,179.8723793,179.8723793,236.1212338,0
06:00.3,240.4632855,181.6652625,181.6652625,240.4632855,0
06:00.6,241.9613589,185.0249157,185.0249157,241.9613589,0
06:00.8,241.5052638,184.2215013,184.2215013,241.5052638,0
06:00.9,240.5368608,183.6088458,183.6088458,240.5368608,0
06:00.2,240.5702441,180.9011883,180.9011883,240.5702441,0
06:00.5,229.9062497,172.5039597,172.5039597,229.9062497,0
06:00.6,235.8216469,177.9095739,177.9095739,235.8216469,0
06:00.8,242.6752008,178.0850375,178.0850375,242.6752008,0
06:01.0,241.1376559,182.8702709,182.8702709,241.1376559,0
06:00.2,235.1663574,176.6472099,176.6472099,235.1663574,0
06:00.7,235.0680154,175.4038654,175.4038654,235.0680154,0
06:00.0,239.6098291,180.0410691,180.0410691,239.6098291,0
06:00.3,239.64598,180.10259,180.10259,239.64598,0
06:00.6,247.7250363,187.6517415,187.6517415,247.7250363,0
06:00.8,240.0688723,180.2576023,180.2576023,240.0688723,0
06:01.0,235.4065761,175.8736161,175.8736161,235.4065761,0
06:00.2,228.9254088,170.1319988,170.1319988,228.9254088,0
06:00.5,225.5221288,168.5745888,168.5745888,225.5221288,0
06:00.9,221.9979506,165.6310724,165.6310724,221.9979506,0
06:00.1,208.7090352,155.2197477,155.2197477,208.7090352,0
06:00.3,196.8094025,147.4612775,147.4612775,196.8094025,0
06:00.7,199.9103274,146.8322345,146.8322345,199.9103274,0
06:00.9,200.8474682,148.9765019,148.9765019,200.8474682,0
06:00.1,189.5418886,140.8888636,140.8888636,189.5418886,0
06:00.3,196.5588947,147.8199447,147.8199447,196.5588947,0
06:00.5,189.0917173,139.4585323,139.4585323,189.0917173,0
06:00.1,161.3590662,119.3686662,119.3686662,161.3590662,0
06:00.2,161.7864463,121.1136463,121.1136463,161.7864463,0
06:00.3,173.3773094,130.1599409,130.1599409,173.3773094,0
06:00.4,166.5456334,124.4336609,124.4336609,166.5456334,0
06:00.6,178.1846867,135.6695111,135.6695111,178.1846867,0
06:01.0,177.0692816,134.2138291,134.2138291,177.0692816,0
06:00.1,156.6291544,115.4160528,115.4160528,156.6291544,0
06:00.3,156.4208575,114.4315546,114.4315546,156.4208575,0
06:00.5,159.3545396,119.8690878,119.8690878,159.3545396,0
06:00.0,160.789572,120.2042079,120.2042079,160.789572,0
06:00.1,158.3032841,118.5345616,118.5345616,158.3032841,0
06:00.2,139.4747539,102.3981539,102.3981539,139.4747539,0
06:00.5,136.712773,97.46864344,97.46864344,136.712773,0
37:43.0,138.6085295,104.5204801,104.5204801,138.6085295,0
06:01.4,135.4025295,101.9420595,101.9420595,135.4025295,0
06:33.8,140.9215412,105.6554993,105.6554993,140.9215412,0
06:00.7,143.8895207,108.5192914,108.5192914,143.8895207,0
06:00.9,144.2722408,110.4251308,110.4251308,144.2722408,0
12:46.2,156.2187644,119.2003005,119.2003005,156.2187644,0
08:31.1,150.4479644,116.3269844,116.3269844,150.4479644,0
06:01.2,149.5502427,115.4937027,115.4937027,149.5502427,0
06:00.2,152.1417551,117.9724451,117.9724451,152.1417551,0
06:00.5,155.7282643,120.979061,120.979061,155.7282643,0
43:59.0,149.4163287,115.4403387,115.4403387,149.4163287,0
06:00.5,155.8283287,113.0964864,113.0964864,155.8283287,0
06:00.8,166.12966,131.0375248,131.0375248,166.12966,0
06:00.4,171.6943207,134.6176867,134.6176867,171.6943207,0
06:00.9,176.8231271,139.7404521,139.7404521,176.8231271,0
06:00.1,177.4542062,139.1429662,139.1429662,177.4542062,0
06:00.2,176.7882855,138.5026755,138.5026755,176.7882855,0
06:00.5,175.0934167,136.5307217,136.5307217,175.0934167,0
06:00.7,180.0796598,140.5132298,140.5132298,180.0796598,0
06:00.9,177.5118774,137.1815674,137.1815674,177.5118774,0
06:00.1,169.1938084,127.4688459,127.4688459,169.1938084,0
06:00.1,180.3624043,137.6811418,137.6811418,180.3624043,0
06:00.7,184.7715925,132.0411892,132.0411892,184.7715925,0
06:00.0,184.3032036,138.4068511,138.4068511,184.3032036,0
06:00.2,180.8566463,135.1589263,135.1589263,180.8566463,0
06:00.3,181.6396473,135.9210798,135.9210798,181.6396473,0
06:00.5,183.2990959,135.5013229,135.5013229,183.2990959,0
06:00.6,187.0584749,140.7881843,140.7881843,187.0584749,0
06:00.8,186.5686599,139.9743399,139.9743399,186.5686599,0
06:00.1,186.0066203,139.3525119,139.3525119,186.0066203,0
06:00.2,178.9232039,132.2926731,132.2926731,178.9232039,0
06:00.4,170.6464509,125.915809,125.915809,170.6464509,0
06:00.7,168.5477428,121.6056951,121.6056951,168.5477428,0
06:00.8,174.7381896,130.968308,130.968308,174.7381896,0
06:00.2,187.032705,141.9287125,141.9287125,187.032705,0
32:21.5,186.8724717,137.7364077,137.7364077,186.8724717,0
06:00.6,183.5362717,137.7388942,137.7388942,183.5362717,0
06:00.0,186.73128,140.095215,140.095215,186.73128,0
06:00.4,183.2309611,137.4918061,137.4918061,183.2309611,0
06:00.1,171.9977125,127.30283,127.30283,171.9977125,0
06:00.5,166.673571,122.716546,122.716546,166.673571,0
06:00.2,154.8528678,115.0961553,115.0961553,154.8528678,0
06:00.9,149.2918423,110.6387573,110.6387573,149.2918423,0
06:00.4,139.4798746,104.2573421,104.2573421,139.4798746,0
06:00.7,135.3597818,99.62933121,99.62933121,135.3597818,0
06:00.1,127.5199932,94.82427067,94.82427067,127.5199932,0
06:00.4,107.2930896,76.42008961,76.42008961,107.2930896,0
06:00.1,83.10484398,58.50922397,58.50922397,83.10484398,0
06:00.0,79.55997442,58.97349941,58.97349941,79.55997443,0
06:00.3,77.82890146,58.02392396,58.02392396,77.82890147,0
06:00.4,71.28623574,53.07021574,53.07021574,71.28623575,0
06:00.7,70.50777026,50.82213951,50.82213951,70.50777026,0
06:00.3,64.42139377,47.77404876,47.77404876,64.42139377,0
06:00.7,55.72534084,40.73938334,40.73938334,55.72534084,0
05:58.7,52.56121173,39.11927237,39.11927237,52.56121173,0
06:01.0,52.81903572,39.59407572,39.59407572,52.81903572,0
06:00.6,54.12095571,40.77336584,40.77336584,54.12095571,0
06:00.4,53.18241293,37.81303681,37.81303681,53.18241293,0
06:01.0,55.15285762,40.85551076,40.85551076,55.15285762,0
06:00.3,56.11702857,42.22463068,42.22463068,56.11702857,0
06:00.5,51.7997277,38.08660769,38.08660769,51.7997277,0
06:00.8,47.98610423,35.32845923,35.32845923,47.98610423,0
06:00.1,40.41425991,28.0059852,28.0059852,40.41425991,0
06:00.4,32.75702369,23.71173869,23.71173869,32.75702369,0
06:00.8,32.72549061,23.47646719,23.47646719,32.72549061,0
06:00.1,30.04475378,22.09065378,22.09065378,30.04475378,0
06:00.4,25.66856131,18.6766413,18.6766413,25.66856131,0
06:00.9,25.53314791,18.9727479,18.9727479,25.53314791,0
06:00.2,24.32047822,15.38916952,15.38916952,24.32047822,0
06:00.5,15.93496784,11.01016784,11.01016784,15.93496785,0
06:00.8,18.16688801,13.59565551,13.59565551,18.16688802,0
06:00.2,18.58786809,13.89165559,13.89165559,18.5878681,0
06:00.5,19.32125615,12.37913378,12.37913378,19.32125616,0
06:00.8,18.56736955,13.33895077,13.33895077,18.56736956,0
06:00.1,17.89017214,13.33854464,13.33854464,17.89017215,0
06:00.4,16.35808327,12.19594327,12.19594327,16.35808328,0
06:01.0,15.99506793,11.90186043,11.90186043,15.99506794,0
06:00.2,15.45945001,11.45035751,11.45035751,15.45945002,0
06:00.6,14.99507392,11.14017892,11.14017892,14.99507393,0
06:00.2,13.50373317,10.13733317,10.13733317,13.50373317,0
06:00.5,12.98565823,9.28273168,9.28273168,12.98565823,0
06:00.8,12.63297998,9.47721998,9.47721998,12.63297998,0
06:00.2,13.05883332,9.78245951,9.78245951,13.05883332,0
06:00.5,12.95551795,9.68256938,9.68256938,12.95551795,0
06:00.0,13.1487689,9.52976992,9.52976992,13.1487689,0
06:00.3,13.09511858,9.74711484,9.74711484,13.09511858,0
06:00.9,13.03822206,9.74922206,9.74922206,13.03822206,0
06:00.1,12.62384881,9.3794941,9.3794941,12.62384881,0
06:00.4,12.69352849,9.44737849,9.44737849,12.69352849,0
06:00.7,11.69187364,8.64782863,8.64782863,11.69187364,0
06:00.2,11.81812085,8.58959365,8.58959365,11.81812085,0
06:00.6,12.0814138,8.93370748,8.93370748,12.0814138,0
06:00.0,11.59841972,8.63997471,8.63997471,11.59841972,0
06:00.7,12.7287586,8.67666477,8.67666477,12.7287586,0
06:00.1,13.16589683,9.75685844,9.75685844,13.16589683,0
06:00.4,13.37041292,10.09748503,10.09748503,13.37041292,0
06:00.7,12.60906841,9.41343341,9.41343341,12.60906841,0
06:00.1,12.31493023,9.01414273,9.01414273,12.31493023,0
06:00.5,12.37135767,9.21845424,9.21845424,12.37135767,0
06:00.9,12.75132224,9.60966973,9.60966973,12.75132224,0
06:00.4,12.47777756,9.31259006,9.31259006,12.47777756,0
06:00.6,12.63263799,9.09611618,9.09611618,12.63263799,0
05:59.7,12.81376184,9.60736184,9.60736184,12.81376184,0
06:00.2,13.14583321,9.9083282,9.9083282,13.14583321,0
06:00.4,13.93731651,10.50986985,10.50986985,13.93731651,0
06:00.9,13.3544434,9.9965984,9.9965984,13.3544434,0
06:00.2,15.18265488,11.17353521,11.17353521,15.18265488,0
06:00.8,15.18835705,11.5327092,11.5327092,15.18835705,0
50:41.3,15.41537626,11.53181457,11.53181457,15.41537626,0
06:00.8,15.35952626,11.64570626,11.64570626,15.35952626,0
06:00.2,15.4201902,11.6337202,11.6337202,15.4201902,0
06:00.7,15.53213613,11.64988613,11.64988613,15.53213613,0
06:00.1,14.9476511,11.0976311,11.0976311,14.9476511,0
06:00.4,14.11671484,10.39183234,10.39183234,14.11671484,0
06:00.9,12.91049903,9.37640152,9.37640152,12.91049903,0
06:00.4,11.14978944,7.98069943,7.98069943,11.14978944,0
06:00.8,10.25292021,7.2608577,7.2608577,10.25292021,0
06:00.2,9.98698242,7.01401806,7.01401806,9.986982424,0
06:00.6,9.99329261,7.15264949,7.15264949,9.993292614,0
06:00.9,8.66529566,6.03905816,6.03905816,8.665295664,0
06:00.3,6.97787123,4.61720623,4.61720623,6.977871234,0
06:00.8,7.64512165,5.37706703,5.37706703,7.645121654,0
06:00.3,7.47398768,5.39318767,5.39318767,7.473987684,0
06:00.9,7.02554387,5.00420387,5.00420387,7.025543874,0
06:00.4,6.96579904,4.89479331,4.89479331,6.965799044,0
06:00.9,6.62201891,4.83008891,4.83008891,6.622018914,0
06:00.3,6.07343756,4.41934925,4.41934925,6.073437564,0
06:00.8,5.80322726,4.25371475,4.25371475,5.803227264,0
06:00.7,5.23507289,3.64907288,3.64907288,5.235072894,0
06:00.5,5.11705181,3.7753568,3.7753568,5.117051814,0
06:00.3,4.86424632,3.56677881,3.56677881,4.864246324,0
06:00.7,4.62899638,3.33482068,3.33482068,4.628996384,0
06:00.1,4.40186093,3.20743998,3.20743998,4.401860934,0
06:00.1,4.28394184,3.12517313,3.12517313,4.283941844,0
06:00.7,4.04081047,2.93808547,2.93808547,4.040810474,0
06:00.5,4.48388475,3.37011928,3.37011928,4.483884754,0
06:00.2,5.6510033,3.81496068,3.81496068,5.651003304,0
35:13.2,5.4817612,4.2025112,4.2025112,5.481761204,0
36:15.2,5.4817612,4.2025112,4.2025112,5.481761204,0
06:01.0,5.5062612,4.2094812,4.2094812,5.506261204,0
06:00.7,5.16709827,3.86821555,3.86821555,5.16709828,0
06:00.4,5.8901886,4.41050859,4.41050859,5.890188605,0
06:00.7,5.77556446,4.26031446,4.26031446,5.775564462,0
06:00.3,6.35800912,4.77338429,4.77338429,6.358009122,0
06:00.7,7.59580829,5.35184976,5.35184976,7.595808292,0
06:00.4,7.29945638,5.44625138,5.44625138,7.299456382,0
06:00.8,7.5786137,5.37971369,5.37971369,7.578613702,0
06:00.3,7.69194855,5.7205725,5.7205725,7.691948558,0
06:00.7,7.69690557,5.78212393,5.78212393,7.696905571,0
06:01.0,8.15955991,6.03643741,6.03643741,8.159559915,0
06:00.4,8.31423233,6.16635052,6.16635052,8.314232335,0
06:00.7,8.83747627,6.46935803,6.46935803,8.837476275,0
06:00.1,9.10988946,6.79514431,6.79514431,9.109889465,0
05:59.3,9.2300419,6.68826578,6.68826578,9.230041905,0
06:00.8,9.3118156,6.9887231,6.9887231,9.311815605,0
06:00.4,9.3919057,7.0339232,7.0339232,9.391905705,0
06:00.8,9.63661583,7.19073825,7.19073825,9.636615835,0
06:00.2,8.98480267,6.64946017,6.64946017,8.984802675,0
06:00.6,8.659674,6.466179,6.466179,8.659674005,0
06:00.1,8.6905874,6.42550568,6.42550568,8.690587405,0
06:00.7,8.66289905,6.49603655,6.49603655,8.662899055,0
06:00.1,8.67004804,6.48694281,6.48694281,8.670048045,0
06:00.8,8.66864219,6.49850562,6.49850562,8.668642195,0
06:00.4,8.13549554,6.07181304,6.07181304,8.135495546,0
06:00.8,8.71564417,6.58318417,6.58318417,8.715644176,0
06:00.4,8.55825,6.41327312,6.41327312,8.558250006,0
06:00.7,8.8511045,6.64544023,6.64544023,8.851104506,0
06:00.2,9.09816529,6.74363529,6.74363529,9.098165296,0
06:00.8,8.4628539,6.32017389,6.32017389,8.462853906,0
06:00.3,8.91845453,6.72304453,6.72304453,8.918454536,0
06:00.7,9.04782752,6.81999002,6.81999002,9.047827526,0
06:00.3,9.21998198,6.87071249,6.87071249,9.219981986,0
06:00.8,8.37329456,6.21439373,6.21439373,8.373294566,0
06:00.3,8.50294232,6.39144482,6.39144482,8.502942325,0
06:00.7,8.26571287,6.20673287,6.20673287,8.265712875,0
06:01.0,8.87763521,6.672482,6.672482,8.877635215,0
06:00.3,8.62089364,6.29139257,6.29139257,8.620893645,0
06:00.8,8.13777123,6.04592123,6.04592123,8.137771235,0
06:00.3,7.86627453,5.87159452,5.87159452,7.866274534,0
06:00.7,7.89793793,5.91573792,5.91573792,7.897937934,0
06:00.1,7.81273219,5.67080962,5.67080962,7.812732194,0
06:00.5,7.72454456,5.73889455,5.73889455,7.724544564,0
06:00.2,7.37115231,5.27396811,5.27396811,7.371152314,0
06:00.6,7.01329417,5.21254416,5.21254416,7.013294174,0
06:00.1,6.90635287,5.16811287,5.16811287,6.906352872,0
06:00.4,6.83397887,4.73143655,4.73143655,6.833978872,0
06:01.0,7.29392489,5.48276489,5.48276489,7.293924892,0
06:00.5,7.6393074,5.78788743,5.78788743,7.639307402,0
06:00.1,7.59566101,5.71350601,5.71350601,7.595661012,0
06:00.5,7.0858605,5.29655799,5.29655799,7.085860502,0
06:00.1,6.16955899,4.52035898,4.52035898,6.169558992,0
06:00.4,6.0005024,4.4482424,4.4482424,6.000502402,0
06:00.8,6.64268975,5.03948974,5.03948974,6.642689752,0
06:00.2,5.19831886,3.82267885,3.82267885,5.198318862,0
06:00.8,4.97869578,3.56649578,3.56649578,4.978695782,0
06:00.6,5.1409246,3.79335635,3.79335635,5.140924602,0
54:42.3,4.98992333,3.70419833,3.70419833,4.989923332,0
06:00.5,5.19830333,3.90792833,3.90792833,5.198303332,0
06:00.3,5.63331997,4.19724184,4.19724184,5.633319977,0
06:00.5,6.56965933,5.15688433,5.15688433,6.569659337,0
06:00.2,6.62309398,5.19359992,5.19359992,6.623093987,0
05:58.9,6.37012243,4.90146993,4.90146993,6.370122436,0
06:00.9,6.90632376,5.37218793,5.37218793,6.906323766,0
06:00.6,6.8510117,5.3183117,5.3183117,6.851011706,0
06:00.3,6.39170867,4.78345866,4.78345866,6.391708674,0
06:00.2,6.05964748,4.54436248,4.54436248,6.059647484,0
06:00.8,6.02744162,4.51208161,4.51208161,6.027441624,0
06:00.4,5.34352046,3.92335546,3.92335546,5.343520464,0
06:00.4,5.52246533,3.99958279,3.99958279,5.522465336,0
06:00.4,5.90740323,4.30186888,4.30186888,5.907403236,0
06:00.3,6.18211357,4.66875367,4.66875367,6.182113576,0
20:48.5,6.23408976,4.74382485,4.74382485,6.234089766,0
06:01.2,6.04401636,4.48280885,4.48280885,6.044016366,0
06:00.0,5.52369471,4.0537747,4.0537747,5.523694716,0
06:00.7,5.61864034,3.72547679,3.72547679,5.618640346,0
06:00.4,5.11769021,3.78389021,3.78389021,5.117690216,0
06:00.4,5.26576344,3.89427333,3.89427333,5.265763446,0
06:00.2,5.30127868,3.94314197,3.94314197,5.301278686,0
06:00.5,5.0841073,3.82207729,3.82207729,5.084107305,0
06:00.3,5.20872592,3.92673592,3.92673592,5.208725925,0
06:00.2,4.8094803,3.5864403,3.5864403,4.809480305,0
06:00.3,4.43131731,3.31884231,3.31884231,4.431317315,0
06:00.2,4.54320796,3.39672796,3.39672796,4.543207965,0
06:00.3,4.40533833,3.29837833,3.29837833,4.405338331,0
06:01.0,4.54585641,3.27497806,3.27497806,4.545856411,0
06:00.8,4.43630893,3.30809393,3.30809393,4.436308931,0
06:00.8,4.49461623,3.36780622,3.36780622,4.494616231,0
06:00.7,4.35141969,3.03308329,3.03308329,4.351419691,0
06:00.3,3.84133979,2.85886979,2.85886979,3.841339791,0
06:00.2,3.77643492,2.81576742,2.81576742,3.776434921,0
06:00.2,3.63701906,2.70914156,2.70914156,3.637019061,0
06:00.9,3.52312677,2.63542677,2.63542677,3.523126771,0
06:00.7,3.41570847,2.39265451,2.39265451,3.415708471,0
06:00.6,3.22440363,2.40456362,2.40456362,3.224403631,0
06:00.5,3.03402459,2.26383649,2.26383649,3.034024591,0
06:00.4,3.04640575,2.29071075,2.29071075,3.046405751,0
06:00.9,2.60950625,1.89642124,1.89642124,2.609506251,0
06:00.8,2.81452221,1.94772745,1.94772745,2.814522211,0
06:00.6,2.64266033,1.96326033,1.96326033,2.642660331,0
06:00.3,2.43552229,1.72940125,1.72940125,2.435522291,0
06:00.9,2.01608192,1.45097192,1.45097192,2.016081921,0
06:00.1,2.12088959,1.37429706,1.37429706,2.120889591,0
06:00.7,1.80777153,1.31566653,1.31566653,1.807771531,0
06:00.7,1.95576965,1.46515715,1.46515715,1.955769655,0
06:00.8,2.12293487,1.40058997,1.40058997,2.122934874,0
06:00.4,1.89559676,1.40996676,1.40996676,1.895596764,0
06:00.1,2.07987623,1.50652258,1.50652258,2.079876234,0
06:00.9,2.15196836,1.62680276,1.62680276,2.151968364,0
06:00.8,2.41565666,1.81397749,1.81397749,2.415656664,0
06:00.2,2.36209122,1.78084121,1.78084121,2.362091224,0
05:58.8,2.51307028,1.91463278,1.91463278,2.513070284,0
06:00.2,3.85805897,2.95191988,2.95191988,3.858058974,0
06:00.7,4.36482169,3.41068537,3.41068537,4.364821694,0
06:00.2,4.52777743,3.56744743,3.56744743,4.527777434,0
06:00.3,5.96182528,3.68184246,3.68184246,5.961825284,0
06:00.9,5.96756408,4.57135407,4.57135407,5.967564087,0
06:00.4,5.65853541,4.20893541,4.20893541,5.658535417,0
06:00.2,4.39802622,3.20987871,3.20987871,4.398026226,0
06:00.9,4.5953524,3.39672865,3.39672865,4.595352406,0
06:00.4,4.61613369,3.46658207,3.46658207,4.616133696,0
06:01.0,4.54409237,3.39189486,3.39189486,4.544092376,0
06:00.5,3.40445794,2.32961294,2.32961294,3.404457946,0
06:00.1,3.32069554,2.39457554,2.39457554,3.320695546,0
06:00.7,3.50741856,2.46764307,2.46764307,3.507418566,0
06:00.2,3.48289335,2.61663393,2.61663393,3.482893356,0
06:00.8,3.257919,2.4391765,2.4391765,3.257919006,0
06:00.3,3.19101885,2.39149242,2.39149242,3.191018856,0
06:00.9,3.32069475,2.45285465,2.45285465,3.320694756,0
06:00.5,3.13744951,2.34326201,2.34326201,3.137449516,0
06:00.1,3.12160061,2.3387731,2.3387731,3.121600616,0
06:00.7,2.61814161,1.95927661,1.95927661,2.618141616,0
06:00.3,2.5821263,1.9295763,1.9295763,2.582126306,0
06:00.1,2.43269637,1.80999387,1.80999387,2.432696376,0
06:00.6,3.31603638,2.49981373,2.49981373,3.316036386,0
06:00.2,3.81006376,2.71561177,2.71561177,3.810063766,0
06:00.9,4.02282972,3.01832038,3.01832038,4.022829726,0
06:00.6,4.16582509,3.12568523,3.12568523,4.165825096,0
06:00.3,3.81334105,2.72238653,2.72238653,3.813341056,0
06:00.8,3.49632619,2.60277618,2.60277618,3.496326196,0
06:00.4,3.44251856,2.57188106,2.57188106,3.442518566,0
06:00.9,3.71201884,2.78190679,2.78190679,3.712018846,0
06:00.4,3.95618034,2.65223443,2.65223443,3.956180348,0
06:00.9,4.21947877,3.16009876,3.16009876,4.219478778,0
06:01.0,4.82719666,3.3463869,3.3463869,4.827196668,0
06:00.6,4.86662479,3.46340754,3.46340754,4.866624798,0
06:00.4,5.15417379,3.77248391,3.77248391,5.154173798,0
06:00.9,5.16028633,3.60143179,3.60143179,5.160286338,0
06:00.5,5.33054418,3.79944281,3.79944281,5.330544188,0
06:00.3,5.75865564,3.81889179,3.81889179,5.758655649,0
06:00.9,7.20142843,5.04202621,5.04202621,7.201428439,0
06:00.4,7.62286582,5.70726617,5.70726617,7.622865829,0
06:00.0,7.58747158,5.54462672,5.54462672,7.587471589,0
06:00.5,7.29519412,5.44852411,5.44852411,7.295194129,0
06:01.0,7.01397567,5.24015066,5.24015066,7.013975679,0
06:00.6,6.64608341,4.9628284,4.9628284,6.646083419,0
06:00.1,6.88816909,4.80882934,4.80882934,6.888169099,0
06:00.7,7.33857133,5.37826392,5.37826392,7.338571339,0
06:00.1,7.24287952,5.42139951,5.42139951,7.242879529,0
05:59.3,7.18819016,5.37187016,5.37187016,7.188190169,0
06:00.8,7.49646035,5.48624882,5.48624882,7.496460359,0
06:00.6,7.39814537,5.32548613,5.32548613,7.398145379,0
06:00.0,6.66376782,4.90081782,4.90081782,6.663767829,0
06:00.7,6.44865538,4.81515538,4.81515538,6.448655389,0
06:00.4,6.06036182,4.32927014,4.32927014,6.060361829,0
06:01.0,5.82224792,4.27480792,4.27480792,5.822247929,0
06:00.5,5.16443156,3.84655656,3.84655656,5.164431569,0
06:00.3,4.86083045,3.57803794,3.57803794,4.860830459,0
06:00.0,4.91653189,3.66126689,3.66126689,4.916531899,0
06:00.5,4.6353946,3.42491136,3.42491136,4.635394609,0
06:00.1,4.56299327,3.41355827,3.41355827,4.562993279,0
06:00.8,5.10088651,3.32589651,3.32589651,5.100886519,0
06:00.5,4.92930461,3.57784961,3.57784961,4.929304619,0
06:00.3,5.36492403,3.90014912,3.90014912,5.364924039,0
06:00.3,5.81390638,4.16748757,4.16748757,5.813906389,0
06:00.9,5.47181485,4.08763757,4.08763757,5.471814859,0
06:00.7,5.38213514,3.93361036,3.93361036,5.382135149,0
06:00.3,5.42334102,3.92794488,3.92794488,5.423341029,0
06:00.9,5.54461692,4.03925267,4.03925267,5.544616929,0
06:00.4,5.70665776,4.27013232,4.27013232,5.706657769,0
06:00.0,5.82784015,4.41520015,4.41520015,5.827840159,0
06:00.6,5.77767345,4.33063344,4.33063344,5.777673459,0
06:00.1,5.54289324,4.16155776,4.16155776,5.542893249,0
06:00.6,5.27309473,3.90106723,3.90106723,5.273094739,0
06:00.9,5.4217234,3.57062437,3.57062437,5.421723409,0
06:00.5,5.37668132,3.80689582,3.80689582,5.376681329,0
06:00.3,5.54042437,4.15813437,4.15813437,5.540424379,0
06:00.7,5.62277148,4.22555148,4.22555148,5.622771489,0
06:00.8,5.7905467,4.22022219,4.22022219,5.790546709,0
06:00.5,5.73934089,4.11063704,4.11063704,5.739340899,0
06:00.4,5.77553142,4.26435851,4.26435851,5.775531429,0
06:00.1,5.49965118,4.07765117,4.07765117,5.499651189,0
06:00.6,4.56294408,3.28099908,3.28099908,4.562944089,0
06:00.4,3.75100902,2.57206902,2.57206902,3.751009029,0
06:00.2,4.05184247,3.02992997,3.02992997,4.051842476,0
06:00.7,3.92292397,2.94499896,2.94499896,3.922923976,0
06:00.4,3.37950749,2.52015249,2.52015249,3.379507496,0
06:00.3,3.34126281,2.35093426,2.35093426,3.341262816,0
06:00.3,4.06938225,2.69818823,2.69818823,4.069382256,0
06:00.9,4.69078048,3.25554394,3.25554394,4.690780486,0
06:00.6,4.46316404,3.35397904,3.35397904,4.463164046,0
06:00.2,4.4964117,3.36850731,3.36850731,4.496411706,0
06:00.8,4.56641938,3.43277938,3.43277938,4.566419386,0
06:00.3,4.3761515,3.2537915,3.2537915,4.376151506,0
06:00.9,4.55468244,3.38889406,3.38889406,4.554682446,0
06:00.9,4.37164236,3.25006736,3.25006736,4.371642366,0
06:00.4,4.40638919,3.25309188,3.25309188,4.406389196,0
05:59.2,4.51570108,3.31217146,3.31217146,4.515701086,0
06:00.8,4.81171242,3.23687874,3.23687874,4.811712426,0
06:00.3,5.08520632,3.70664778,3.70664778,5.085206326,0
06:01.0,5.24380426,3.84893506,3.84893506,5.243804266,0
06:00.6,5.37611587,4.09021586,4.09021586,5.376115876,0
06:00.3,5.42446867,4.11951367,4.11951367,5.424468676,0
06:00.9,5.17067915,3.82051973,3.82051973,5.170679156,0
06:00.5,5.3901868,4.04730679,4.04730679,5.390186806,0
06:00.1,5.26847162,3.82355622,3.82355622,5.268471624,0
06:00.9,5.19698129,3.90195373,3.90195373,5.196981299,0
06:00.5,5.37496539,4.0613945,4.0613945,5.374965399,0
06:00.1,5.47096134,4.16137884,4.16137884,5.470961349,0
06:00.8,5.43707682,4.0142485,4.0142485,5.437076829,0
06:00.5,5.70771806,4.26623306,4.26623306,5.707718069,0
06:00.3,6.03998109,4.31545614,4.31545614,6.039981099,0
06:01.0,5.85902666,4.38166666,4.38166666,5.859026669,0
06:00.5,5.67673562,4.26479562,4.26479562,5.676735629,0
06:00.3,5.51376801,4.12941016,4.12941016,5.513768019,0
06:01.0,5.48023368,4.11974868,4.11974868,5.480233689,0
06:00.5,5.56758368,4.20114117,4.20114117,5.567583689,0
06:00.5,5.35861001,4.003205,4.003205,5.358610019,0
06:00.3,5.49734687,4.14736632,4.14736632,5.497346879,0
06:01.0,5.5949571,4.2006596,4.2006596,5.594957109,0
06:00.4,5.56000745,4.03958019,4.03958019,5.560007459,0
06:00.1,5.7493329,4.28650561,4.28650561,5.749332909,0
06:00.6,5.75762327,4.34101827,4.34101827,5.757623279,0
06:00.2,5.57766204,3.97096732,3.97096732,5.577662049,0
06:00.7,5.58297512,4.12511461,4.12511461,5.582975129,0
06:00.3,5.45785275,4.07102774,4.07102774,5.457852759,0
06:00.1,5.34477163,3.99225163,3.99225163,5.344771639,0
06:00.7,5.38777163,4.02078162,4.02078162,5.387771639,0
06:00.7,5.3536715,3.98712094,3.98712094,5.353671509,0
06:00.8,5.53750885,4.14842884,4.14842884,5.537508859,0
06:01.0,5.63231995,4.24532608,4.24532608,5.632319959,0
06:00.0,5.59927964,4.20948714,4.20948714,5.599279649,0
06:00.1,5.65322343,4.2381925,4.2381925,5.653223439,0
06:00.8,5.6638491,3.94951328,3.94951328,5.663849109,0
06:00.1,5.85603332,4.42233178,4.42233178,5.856033329,0
06:00.9,5.72928714,4.30403964,4.30403964,5.729287149,0
06:00.1,5.24497211,3.92289211,3.92289211,5.244972119,0
06:00.3,5.47145951,4.10583235,4.10583235,5.471459519,0
06:00.9,5.48242622,4.14476795,4.14476795,5.482426229,0
06:00.5,5.27915512,3.9475774,3.9475774,5.279155129,0
06:00.3,4.90445509,3.61361009,3.61361009,4.904455099,0
06:00.1,4.88099964,3.65210964,3.65210964,4.880999649,0
06:00.6,5.05732151,3.7840915,3.7840915,5.057321519,0
06:00.7,5.12185958,3.84651457,3.84651457,5.121859589,0
06:00.2,4.78705958,3.54053458,3.54053458,4.787059589,0
05:59.4,4.91958697,3.66409468,3.66409468,4.919586979,0
06:00.2,4.89060383,3.65182882,3.65182882,4.890603839,0
06:00.8,4.98354881,3.55178492,3.55178492,4.983548819,0
06:00.3,4.87132587,3.63313586,3.63313586,4.871325879,0
06:00.2,5.20801232,3.90206109,3.90206109,5.208012329,0
06:00.2,5.05373116,3.79523115,3.79523115,5.053731169,0
06:00.8,5.35472865,4.00322294,4.00322294,5.354728659,0
06:00.1,4.98674505,3.71599505,3.71599505,4.986745059,0
06:00.8,5.1210748,3.72944783,3.72944783,5.121074809,0
06:00.1,5.13136586,3.85424086,3.85424086,5.131365869,0
06:00.6,5.18302062,3.90377062,3.90377062,5.183020629,0
06:00.9,4.9809757,3.6616937,3.6616937,4.980975709,0
06:00.6,5.11275355,3.83925355,3.83925355,5.112753559,0
06:00.9,4.91005638,3.64636887,3.64636887,4.910056389,0
06:00.6,4.96095484,3.65266277,3.65266277,4.960954849,0
06:01.0,4.84466899,3.59788649,3.59788649,4.844668999,0
06:00.2,5.0153301,3.7216736,3.7216736,5.015330109,0
06:00.5,4.70138765,3.51013515,3.51013515,4.701387659,0
06:01.0,4.69305327,3.5129061,3.5129061,4.693053279,0
06:00.4,4.5287469,3.36128939,3.36128939,4.528746909,0
06:01.0,4.56326519,3.40892518,3.40892518,4.563265199,0
06:00.4,4.55858526,3.40622526,3.40622526,4.558585269,0
06:00.7,4.41958948,3.28526448,3.28526448,4.419589489,0
06:01.0,4.5582948,3.42917137,3.42917137,4.558294809,0
06:00.4,4.78737244,3.60511744,3.60511744,4.787372449,0
06:00.9,4.74044438,3.55054438,3.55054438,4.740444389,0
06:00.3,4.77484544,3.53684501,3.53684501,4.774845449,0
06:00.7,4.97073781,3.40273042,3.40273042,4.970737819,0
06:00.9,4.96436701,3.72861885,3.72861885,4.964367019,0
06:00.2,4.95412163,3.66021682,3.66021682,4.954121639,0
06:00.5,5.02730234,3.79497125,3.79497125,5.027302349,0
06:00.9,4.93261731,3.69599731,3.69599731,4.932617319,0
06:00.4,4.71365199,3.50129698,3.50129698,4.713651999,0
06:00.6,4.59281827,3.40412576,3.40412576,4.592818279,0
06:00.9,4.72357847,3.54025661,3.54025661,4.723578479,0
06:00.4,4.55507126,3.39594125,3.39594125,4.555071269,0
06:00.3,4.74769761,3.51217032,3.51217032,4.747697619,0
06:00.5,4.81929069,3.63849069,3.63849069,4.819290699,0
06:00.9,4.52315498,3.34739498,3.34739498,4.523154989,0
06:00.3,4.4932955,3.34431549,3.34431549,4.493295509,0
06:00.9,4.54918429,3.41152429,3.41152429,4.549184299,0
06:00.2,4.76666621,3.59733391,3.59733391,4.766666219,0
06:00.5,4.66135754,3.49772103,3.49772103,4.661357549,0
06:00.8,4.79220746,3.55357766,3.55357766,4.792207469,0
06:00.3,4.84293742,3.67853741,3.67853741,4.842937429,0
06:00.7,4.89311601,3.659739,3.659739,4.893116019,0
06:00.3,4.99206437,3.74969155,3.74969155,4.992064379,0
06:00.8,5.09335466,3.75068169,3.75068169,5.093354669,0
05:59.7,5.1043891,3.77255885,3.77255885,5.104389109,0
06:00.4,4.84022999,3.58696999,3.58696999,4.840229999,0
06:00.6,5.06133094,3.70314235,3.70314235,5.061330949,0
06:00.9,5.0906884,3.8044534,3.8044534,5.090688409,0
06:00.3,5.25833595,3.95933804,3.95933804,5.258335959,0
06:00.6,4.58142984,3.40630484,3.40630484,4.581429849,0
06:00.9,4.53171406,3.33015905,3.33015905,4.531714069,0
06:00.2,4.27794936,3.15458936,3.15458936,4.277949369,0
06:00.6,4.27088718,3.16454776,3.16454776,4.270887189,0
06:00.8,4.30529171,3.21620829,3.21620829,4.305291719,0
06:00.1,4.22239745,3.15184744,3.15184744,4.222397459,0
06:00.6,4.218419,3.16792581,3.16792581,4.218419009,0
06:00.3,4.37153677,3.30482568,3.30482568,4.371536779,0
06:00.6,4.50014998,3.38834997,3.38834997,4.500149989,0
06:01.0,4.19885146,3.12485146,3.12485146,4.198851469,0
06:00.3,4.39560146,3.24171563,3.24171563,4.395601469,0
06:01.0,4.56149781,3.40469251,3.40469251,4.561497815,0
06:00.5,4.61234156,3.41704666,3.41704666,4.612341565,0
06:00.1,4.53886202,3.39844952,3.39844952,4.538862025,0
06:00.5,4.42682914,3.31338715,3.31338715,4.426829145,0
06:00.3,4.55968855,3.43017604,3.43017604,4.559688555,0
06:01.0,4.5294023,3.39108229,3.39108229,4.529402305,0
06:00.2,4.53968455,3.40136455,3.40136455,4.539684555,0
06:00.8,4.50660347,3.31175172,3.31175172,4.506603475,0
06:00.3,4.98395599,3.72029243,3.72029243,4.983955995,0
06:00.8,5.08151449,3.78656295,3.78656295,5.081514495,0
06:00.3,4.81725225,3.57700224,3.57700224,4.817252255,0
06:00.7,5.08295006,3.70803732,3.70803732,5.082950065,0
06:00.5,5.00844169,3.77842203,3.77842203,5.008441695,0
06:00.1,4.78809169,3.57617418,3.57617418,4.788091695,0
06:00.5,5.01344653,3.78025403,3.78025403,5.013446535,0
06:00.0,5.02055949,3.79458486,3.79458486,5.020559495,0
06:00.6,5.07250193,3.83432596,3.83432596,5.072501935,0
06:00.4,5.12439496,3.8085365,3.8085365,5.124394965,0
06:00.8,5.04538964,3.80027464,3.80027464,5.045389645,0
06:00.2,4.64147086,3.43020836,3.43020836,4.641470865,0
06:00.7,4.47367072,3.30375822,3.30375822,4.473670728,0
06:00.1,4.70430891,3.50964043,3.50964043,4.704308918,0
06:00.7,4.75602375,3.57481141,3.57481141,4.756023758,0
06:00.1,4.71357375,3.54376874,3.54376874,4.713573758,0
06:00.6,4.85095445,3.59070338,3.59070338,4.850954458,0
06:00.2,4.99079218,3.76914038,3.76914038,4.990792188,0
06:00.4,4.91082661,3.54342139,3.54342139,4.910826618,0
06:00.9,4.83009979,3.59110508,3.59110508,4.830099798,0
06:00.4,5.01054329,3.67391766,3.67391766,5.010543298,0
06:00.0,4.88621789,3.67841789,3.67841789,4.886217898,0
06:00.6,4.98076636,3.75754636,3.75754636,4.980766368,0
06:00.8,4.72079279,3.48773029,3.48773029,4.720792798,0
05:58.8,4.99302095,3.74237098,3.74237098,4.993020958,0
06:00.1,5.00213831,3.7444808,3.7444808,5.002138318,0
06:00.5,4.69291101,3.451231,3.451231,4.692911018,0
06:00.9,4.83597511,3.51869479,3.51869479,4.835975118,0
06:00.4,5.0225574,3.77459539,3.77459539,5.022557408,0
06:00.8,4.98537718,3.65904731,3.65904731,4.985377188,0
06:00.2,4.72644182,3.51060182,3.51060182,4.726441828,0
06:00.0,5.00037818,3.74666306,3.74666306,5.000378188,0
06:00.5,4.87832227,3.63116227,3.63116227,4.878322278,0
06:00.3,5.05892227,3.79948628,3.79948628,5.058922278,0
06:00.0,4.93110971,3.61633133,3.61633133,4.931109718,0
06:00.5,5.07424049,3.74556246,3.74556246,5.074240498,0
06:00.1,5.12092713,3.83890713,3.83890713,5.120927138,0
06:00.7,5.22106112,3.92193111,3.92193111,5.221061128,0
06:00.1,5.41226511,4.09120011,4.09120011,5.412265118,0
06:00.6,5.5127282,4.03825028,4.03825028,5.512728208,0
06:00.0,6.14568558,4.68186637,4.68186637,6.145685588,0
06:00.7,6.19847465,4.67496836,4.67496836,6.198474658,0
06:00.2,6.20109423,4.64812016,4.64812016,6.201094238,0
06:00.6,6.3080848,4.70021672,4.70021672,6.308084808,0
06:00.1,6.4204831,4.60418977,4.60418977,6.420483108,0
06:00.8,6.42082268,4.77729608,4.77729608,6.420822688,0
06:00.2,6.47566493,4.87524302,4.87524302,6.475664938,0
06:00.5,6.53004684,4.94664683,4.94664683,6.530046848,0
06:00.1,6.58402111,4.98191361,4.98191361,6.584021118,0
06:00.5,6.91379912,5.24671912,5.24671912,6.913799128,0
06:00.2,7.25624256,5.46204607,5.46204607,7.256242568,0
06:00.5,7.4862975,5.4701738,5.4701738,7.486297508,0
06:01.0,6.9000088,5.15221629,5.15221629,6.900008808,0
06:00.4,7.25055987,5.46711237,5.46711237,7.250559878,0
06:00.8,7.24236777,5.44261277,5.44261277,7.242367778,0
06:00.2,7.97471955,6.04281467,6.04281467,7.974719558,0
06:00.7,7.58155637,5.63929887,5.63929887,7.581556378,0
06:00.3,6.82643707,5.01847707,5.01847707,6.826437078,0
06:00.2,6.04678244,4.36639744,4.36639744,6.046782448,0
06:00.8,5.93873469,4.29709468,4.29709468,5.938734698,0
06:00.4,6.05791485,4.45439774,4.45439774,6.057914858,0
06:00.1,5.84548307,4.30648307,4.30648307,5.845483078,0
06:00.8,6.06221819,4.4455589,4.4455589,6.062218198,0
06:00.2,5.9602229,4.33722246,4.33722246,5.960222908,0
06:00.6,5.75943765,4.28405765,4.28405765,5.759437658,0
06:00.2,5.81668456,4.35435456,4.35435456,5.816684568,0
06:00.7,5.97467171,4.43893171,4.43893171,5.974671718,0
06:00.0,5.72368834,4.25232334,4.25232334,5.723688348,0
06:00.5,5.98568109,4.02534651,4.02534651,5.985681098,0
06:00.8,5.93690129,4.37570629,4.37570629,5.936901298,0
06:00.2,5.63094204,4.13384204,4.13384204,5.630942048,0
06:00.8,5.68738257,4.15392188,4.15392188,5.687382578,0
05:59.3,5.59091924,4.15271923,4.15271923,5.590919248,0
06:00.1,5.49715074,4.06405074,4.06405074,5.497150748,0
06:00.7,5.50516842,4.08611841,4.08611841,5.505168428,0
06:00.9,5.61283909,4.18873908,4.18873908,5.612839098,0
06:00.3,5.36962229,3.87970948,3.87970948,5.369622298,0
06:01.0,5.28043793,3.90325543,3.90325543,5.280437938,0
06:00.5,4.75252975,3.41892475,3.41892475,4.752529758,0
06:00.9,4.66468295,3.32376592,3.32376592,4.664682958,0
06:00.3,4.59864214,3.31632714,3.31632714,4.598642148,0
06:00.8,4.60866795,3.38190335,3.38190335,4.608667958,0
06:00.1,4.57329102,3.35613949,3.35613949,4.573291028,0
06:00.6,4.53979042,3.35449042,3.35449042,4.539790428,0
06:00.4,4.72094488,3.45062752,3.45062752,4.720944888,0
06:00.0,4.65808839,3.43585114,3.43585114,4.658088398,0
06:00.7,4.74388839,3.57116839,3.57116839,4.743888398,0
06:01.0,4.83779803,3.62181058,3.62181058,4.837798038,0
06:00.5,4.84658363,3.65903362,3.65903362,4.846583638,0
06:00.1,4.72537246,3.52262746,3.52262746,4.725372468,0
06:00.9,4.86325165,3.61973665,3.61973665,4.863251658,0
06:00.4,4.87912935,3.63561435,3.63561435,4.879129358,0
06:00.1,4.83267935,3.60681175,3.60681175,4.832679358,0
06:00.4,5.06470421,3.82520677,3.82520677,5.064704218,0
06:00.2,4.84879103,3.61164103,3.61164103,4.848791038,0
06:00.7,4.99299382,3.73037327,3.73037327,4.992993828,0
06:00.3,4.82144574,3.58656573,3.58656573,4.821445748,0
06:00.7,4.96312799,3.72280549,3.72280549,4.963127998,0
06:00.2,3.80235651,2.62098901,2.62098901,3.802356518,0
06:01.0,4.48634514,3.35864514,3.35864514,4.486345148,0
06:00.4,4.45344863,3.31581304,3.31581304,4.453448638,0
06:00.9,4.42295148,3.30120484,3.30120484,4.422951488,0
06:00.5,4.30845483,3.08470143,3.08470143,4.308454838,0
06:00.9,4.27828201,3.0400289,3.0400289,4.278282018,0
06:00.5,4.37212428,3.27414427,3.27414427,4.372124288,0
06:00.2,4.42410022,3.32406022,3.32406022,4.424100228,0
06:00.9,4.15046139,3.06484139,3.06484139,4.150461398,0
06:00.4,4.32154961,3.24339274,3.24339274,4.321549618,0
06:00.8,4.17395709,3.07606844,3.07606844,4.173957098,0
06:00.3,4.34285871,3.27687621,3.27687621,4.342858718,0
06:00.7,4.35456203,3.27491214,3.27491214,4.354562038,0
06:00.2,4.37776147,3.23115297,3.23115297,4.377761478,0
06:00.6,4.50101147,3.38278962,3.38278962,4.501011478,0
06:00.3,4.51157338,3.39684838,3.39684838,4.511573388,0
06:00.7,4.5212408,3.35335045,3.35335045,4.521240808,0
06:00.2,4.44916386,3.33060271,3.33060271,4.449163868,0
06:00.6,4.54117356,3.4244712,3.4244712,4.541173568,0
06:00.9,4.63430083,3.49257583,3.49257583,4.634300838,0
06:00.6,4.76949028,3.63293488,3.63293488,4.769490288,0
06:00.1,4.73647154,3.60263654,3.60263654,4.736471548,0
05:59.3,4.78761778,3.50638704,3.50638704,4.787617788,0
06:00.7,4.75540472,3.58928972,3.58928972,4.755404728,0
06:00.1,5.02273163,3.82057108,3.82057108,5.022731638,0
06:00.9,4.85746846,3.66541846,3.66541846,4.857468468,0
06:00.4,4.99897313,3.78909979,3.78909979,4.998973138,0
06:00.8,4.83131523,3.63069273,3.63069273,4.831315238,0
06:00.1,4.84134699,3.62994449,3.62994449,4.841346998,0
06:00.5,4.84996145,3.63855895,3.63855895,4.849961458,0
06:00.0,5.08358848,3.78247427,3.78247427,5.083588488,0
06:00.6,5.23086313,3.94824133,3.94824133,5.230863138,0
06:00.1,5.33299063,4.02637063,4.02637063,5.332990638,0
06:00.7,5.34075983,4.00943482,4.00943482,5.340759838,0
06:00.1,5.49411626,4.15497521,4.15497521,5.494116268,0
06:00.8,5.45534952,4.11917452,4.11917452,5.455349528,0
06:00.2,5.46471325,4.08480313,4.08480313,5.464713258,0
06:00.6,5.32774462,3.96645835,3.96645835,5.327744628,0
06:00.1,5.33670404,3.98270348,3.98270348,5.336704048,0
06:00.7,5.39514995,4.03237855,4.03237855,5.395149958,0
06:00.3,5.45391775,4.00341916,4.00341916,5.453917758,0
06:00.8,5.02363345,3.68736345,3.68736345,5.023633458,0
06:00.2,4.94740808,3.62354657,3.62354657,4.947408088,0
06:00.8,5.04265808,3.76048807,3.76048807,5.042658088,0
06:00.2,4.95875871,3.6813287,3.6813287,4.958758718,0
06:00.9,5.06357321,3.79239275,3.79239275,5.063573218,0
06:00.4,5.12126785,3.84824302,3.84824302,5.121267858,0
06:00.9,5.27137831,3.99181132,3.99181132,5.271378318,0
06:00.4,5.09482422,3.81162132,3.81162132,5.094824228,0
06:00.8,5.247028,3.91764706,3.91764706,5.247028008,0
06:00.1,5.21016178,3.92325177,3.92325177,5.210161788,0
06:00.6,5.08105448,3.78910448,3.78910448,5.081054488,0
06:00.1,5.28199975,3.9765209,3.9765209,5.281999758,0
06:00.5,5.15106806,3.73533226,3.73533226,5.151068068,0
06:00.2,5.11480725,3.82285725,3.82285725,5.114807258,0
06:00.7,4.98435193,3.69957943,3.69957943,4.984351938,0
06:00.1,4.77033069,3.48395197,3.48395197,4.770330698,0
06:00.5,4.81773069,3.535695,3.535695,4.817730698,0
06:00.9,4.78107305,3.52023305,3.52023305,4.781073058,0
06:00.5,4.83964409,3.53764447,3.53764447,4.839644098,0
06:00.1,4.75679406,3.48637656,3.48637656,4.756794068,0
06:00.6,4.78013953,3.50026325,3.50026325,4.780139538,0
06:01.0,4.73463953,3.50503953,3.50503953,4.734639538,0
06:00.6,4.56389233,3.41656228,3.41656228,4.563892338,0
06:00.8,4.74833105,3.5347252,3.5347252,4.748331058,0
06:00.5,4.71793771,3.5607502,3.5607502,4.717937718,0
06:00.9,4.6867877,3.53178769,3.53178769,4.686787708,0
06:00.5,4.6996297,3.5446297,3.5446297,4.699629708,0
06:00.3,4.75462923,3.59744172,3.59744172,4.754629238,0
06:00.8,4.63574532,3.48512032,3.48512032,4.635745328,0
05:58.9,4.69097365,3.52762115,3.52762115,4.690973658,0
06:00.3,4.57121383,3.41448383,3.41448383,4.571213838,0
06:00.6,4.53933867,3.38481616,3.38481616,4.539338678,0
06:00.1,4.5503988,3.40633629,3.40633629,4.550398808,0
06:00.6,4.56080245,3.3051813,3.3051813,4.560802458,0
06:00.2,4.39911647,3.27418397,3.27418397,4.399116478,0
06:00.7,4.63334313,3.44967394,3.44967394,4.633343138,0
06:00.1,4.59119313,3.47851063,3.47851063,4.591193138,0
06:00.6,4.64268146,3.53835146,3.53835146,4.642681468,0
06:01.0,4.39787049,3.28546549,3.28546549,4.397870498,0
06:00.4,4.49314845,3.37423329,3.37423329,4.493148458,0
06:00.9,4.50171121,3.38501121,3.38501121,4.501711218,0
06:00.4,4.29920093,3.21383842,3.21383842,4.299200938,0
06:00.8,4.01986682,2.97973682,2.97973682,4.019866828,0
06:00.2,4.15269101,3.02945136,3.02945136,4.152691018,0
06:00.6,4.12171608,3.07749107,3.07749107,4.121716088,0
06:01.0,4.2531066,3.07724009,3.07724009,4.253106608,0
06:00.5,4.18334101,3.10855028,3.10855028,4.183341018,0
06:00.9,3.99127947,2.95777447,2.95777447,3.991279478,0
06:00.3,4.12917093,2.91586659,2.91586659,4.129170938,0
06:00.8,4.08952093,3.07225093,3.07225093,4.089520938,0
06:00.3,4.13906004,3.10570386,3.10570386,4.139060048,0
06:00.9,3.9919386,2.9907761,2.9907761,3.991938608,0
06:00.5,4.04099953,3.02677737,3.02677737,4.040999538,0
06:01.0,4.0898584,3.0742166,3.0742166,4.089858408,0
06:00.5,4.17768188,3.11002289,3.11002289,4.177681888,0
06:00.0,3.98775914,2.96841914,2.96841914,3.987759148,0
06:00.5,4.03737186,3.02610935,3.02610935,4.037371868,0
06:00.8,4.12634262,3.09072957,3.09072957,4.126342628,0
06:00.2,4.25577216,2.94808352,2.94808352,4.255772168,0
06:00.7,4.26537791,3.22284991,3.22284991,4.265377918,0
06:00.2,4.11350811,3.02608406,3.02608406,4.113508118,0
06:00.6,4.08290404,3.00513351,3.00513351,4.082904048,0
06:00.0,4.3748346,3.25537712,3.25537712,4.374834608,0
06:00.3,4.22033722,3.11374442,3.11374442,4.220337228,0
06:00.7,4.26864316,3.21883066,3.21883066,4.268643168,0
06:00.3,4.31776406,3.26588906,3.26588906,4.317764068,0
06:00.7,4.41021415,3.34704906,3.34704906,4.410214158,0
06:00.2,4.58260769,3.45396828,3.45396828,4.582607698,0
06:00.6,4.46779231,3.38880981,3.38880981,4.467792318,0
06:00.0,4.56145835,3.36794703,3.36794703,4.561458358,0
06:00.5,4.52773501,3.36659192,3.36659192,4.527735018,0
06:01.0,4.57848023,3.39397162,3.39397162,4.578480238,0
06:00.5,4.50228089,3.39067047,3.39067047,4.502280898,0
06:01.0,4.51214651,3.39252401,3.39252401,4.512146518,0
06:00.5,4.52093282,3.40131032,3.40131032,4.520932828,0
06:00.1,4.48515992,3.24275942,3.24275942,4.485159928,0
06:00.5,4.53811522,3.41747894,3.41747894,4.538115228,0
05:58.8,4.63149327,3.51683091,3.51683091,4.631493278,0
06:00.2,4.59452447,3.47271947,3.47271947,4.594524478,0
06:00.6,4.55867723,3.43905472,3.43905472,4.558677238,0
06:00.4,4.56564403,3.44164982,3.44164982,4.565644038,0
06:00.8,4.48748581,3.36200831,3.36200831,4.487485818,0
06:00.3,4.49447225,3.36634344,3.36634344,4.494472258,0
06:00.7,4.50091844,3.3498795,3.3498795,4.500918448,0
06:00.1,4.55268751,3.36374037,3.36374037,4.552687518,0
06:00.6,4.60358668,3.40598207,3.40598207,4.603586688,0
06:01.0,4.61035837,3.47484414,3.47484414,4.610358378,0
06:00.7,4.48727515,3.36400015,3.36400015,4.487275158,0
06:00.2,4.62583858,3.49595607,3.49595607,4.625838588,0
06:00.6,4.76533637,3.58627637,3.58627637,4.765336378,0
06:00.0,4.95351134,3.60167437,3.60167437,4.953511348,0
06:00.6,5.19222352,3.92172352,3.92172352,5.192223528,0
06:00.1,4.99772352,3.72518101,3.72518101,4.997723528,0
06:00.7,5.28973282,3.99067782,3.99067782,5.289732828,0
06:00.3,5.05112597,3.74853343,3.74853343,5.051125978,0
06:00.8,5.49212597,3.57435221,3.57435221,5.492125978,0
32:35.9,5.49566619,4.14507989,4.14507989,5.495666198,0
06:01.0,5.44591619,4.08779119,4.08779119,5.445916198,0
06:00.6,5.34613086,3.99598237,3.99598237,5.346130868,0
06:00.1,5.34638197,3.98018197,3.98018197,5.346381978,0
06:00.7,5.24509736,3.88407236,3.88407236,5.245097368,0
06:00.3,5.09992052,3.80026552,3.80026552,5.099920528,0
06:00.9,5.3982054,3.94654478,3.94654478,5.398205408,0
06:00.4,5.05481987,3.78374987,3.78374987,5.054819878,0
06:00.0,5.25274065,3.97193065,3.97193065,5.252740658,0
06:00.6,5.30490652,4.02153317,4.02153317,5.304906528,0
06:00.2,5.01525932,3.75834681,3.75834681,5.015259328,0
06:00.9,5.16355577,3.72170544,3.72170544,5.163555778,0
06:00.5,5.1678724,3.90372239,3.90372239,5.167872408,0
06:00.5,4.92590368,3.63878368,3.63878368,4.925903688,0
06:00.1,4.787252,3.542402,3.542402,4.787252008,0
06:00.5,4.88830292,3.63353148,3.63353148,4.888302928,0
06:00.8,4.79676363,3.55010105,3.55010105,4.796763638,0
06:00.4,4.89749391,3.62245622,3.62245622,4.897493918,0
06:00.3,4.85358129,3.57395818,3.57395818,4.853581298,0
06:00.8,4.90518703,3.65389352,3.65389352,4.905187038,0
06:00.3,4.71809726,3.48963726,3.48963726,4.718097268,0
06:00.7,4.81693809,3.59442261,3.59442261,4.816938098,0
06:00.1,4.63400877,3.42184877,3.42184877,4.634008778,0
06:00.4,4.54715755,3.36268255,3.36268255,4.547157558,0
06:00.8,4.82881783,3.63287412,3.63287412,4.828817838,0
06:00.6,4.74280449,3.55521683,3.55521683,4.742804498,0
06:00.9,4.79507658,3.61057658,3.61057658,4.795076588,0
06:00.3,4.80318539,3.60709789,3.60709789,4.803185398,0
06:00.6,4.9501576,3.75561488,3.75561488,4.950157608,0
05:59.6,4.67510602,3.43002503,3.43002503,4.675106028,0
06:00.1,4.82182763,3.61269711,3.61269711,4.821827638,0
06:00.6,4.73287888,3.40967792,3.40967792,4.732878888,0
06:01.0,4.97207339,3.68358145,3.68358145,4.972073398,0
06:00.4,4.74251563,3.52029313,3.52029313,4.742515638,0
06:00.8,4.8405573,3.6251573,3.6251573,4.840557308,0
06:00.2,4.98494033,3.76246033,3.76246033,4.984940338,0
06:00.5,4.989154,3.766674,3.766674,4.989154008,0
06:00.9,4.94908775,3.72896775,3.72896775,4.949087758,0
06:00.3,4.81324515,3.60020515,3.60020515,4.813245158,0
06:00.8,4.72411852,3.51579851,3.51579851,4.724118528,0
06:00.1,4.82318252,3.60088976,3.60088976,4.823182528,0
06:00.5,4.92649361,3.62167366,3.62167366,4.926493618,0
06:00.8,4.87974361,3.66434361,3.66434361,4.879743618,0
06:00.1,4.93129409,3.57680623,3.57680623,4.931294098,0
06:00.5,4.98525294,3.7486573,3.7486573,4.985252948,0
06:00.9,4.94246678,3.72470678,3.72470678,4.942466788,0
06:00.2,4.7603249,3.5052549,3.5052549,4.760324908,0
06:00.8,4.53847667,3.38758667,3.38758667,4.538476678,0
06:00.1,4.10370809,3.02770309,3.02770309,4.103708098,0
06:00.8,4.32231608,3.25423151,3.25423151,4.322316088,0
06:00.3,4.11885377,3.06272877,3.06272877,4.118853778,0
06:00.7,4.08424752,3.06000751,3.06000751,4.084247528,0
06:00.3,4.08887282,3.06463282,3.06463282,4.088872828,0
06:00.6,3.8892717,2.87535669,2.87535669,3.889271708,0
06:00.2,3.85514024,2.84329024,2.84329024,3.855140248,0
06:00.5,3.86101225,2.81989257,2.81989257,3.861012258,0
06:00.9,3.87053173,2.8061923,2.8061923,3.870531738,0
06:00.3,3.83909108,2.83538194,2.83538194,3.839091088,0
06:00.6,3.76490383,2.76898883,2.76898883,3.764903838,0
06:00.1,3.81173507,2.81377507,2.81377507,3.811735078,0
06:00.5,3.94350235,2.94922735,2.94922735,3.943502358,0
06:00.8,3.79117284,2.81473784,2.81473784,3.791172848,0
06:00.4,3.56362599,2.61004349,2.61004349,3.563625998,0
06:00.9,3.8064428,2.33256109,2.33256109,3.806442808,0
06:00.6,3.81630026,2.85610248,2.85610248,3.816300268,0
06:00.8,3.74748426,2.80294676,2.80294676,3.747484268,0
06:00.2,3.71674453,2.77415453,2.77415453,3.716744538,0
06:00.5,3.68489799,2.74376063,2.74376063,3.684897998,0
06:00.8,3.61362672,2.67687922,2.67687922,3.613626728,0
06:00.5,3.65670546,2.72644546,2.72644546,3.656705468,0
06:00.0,3.66262358,2.73236357,2.73236357,3.662623588,0
06:00.4,3.59172143,2.66329877,2.66329877,3.591721438,0
06:00.7,3.59877167,2.67019677,2.67019677,3.598771678,0
06:01.0,3.52777967,2.60523966,2.60523966,3.527779678,0
06:00.3,3.72300567,2.75192136,2.75192136,3.723005678,0
06:00.6,3.72933536,2.81349011,2.81349011,3.729335368,0
06:01.0,3.62317288,2.70517288,2.70517288,3.623172888,0
05:58.8,3.4801777,2.5698277,2.5698277,3.480177708,0
06:00.3,3.48833196,2.57483019,2.57483019,3.488331968,0
06:00.6,3.45723319,2.54879569,2.54879569,3.457233198,0
06:00.1,3.42726739,2.52903739,2.52903739,3.427267398,0
06:00.4,3.585964,2.66641922,2.66641922,3.585964008,0
06:00.7,3.63125603,2.7317014,2.7317014,3.631256038,0
06:00.1,3.63743915,2.61664005,2.61664005,3.637439158,0
06:00.7,3.53263526,2.63894525,2.63894525,3.532635268,0
06:00.2,3.65277032,2.50899694,2.50899694,3.652770328,0
06:00.7,3.58782377,2.69225627,2.69225627,3.587823778,0
06:00.5,3.66782497,2.76798613,2.76798613,3.667824978,0
06:00.1,3.34089599,2.44202099,2.44202099,3.340895998,0
06:00.5,3.34973124,2.42477649,2.42477649,3.349731248,0
06:00.4,3.34973124,2.45736295,2.45736295,3.349731248,0
06:00.8,3.28192007,2.35751006,2.35751006,3.281920078,0
06:00.2,3.28947663,2.40261663,2.40261663,3.289476638,0
06:00.8,3.29752483,2.37258086,2.37258086,3.297524838,0
06:00.3,3.23780951,2.349868,2.349868,3.237809518,0
06:00.5,3.13921638,2.29424138,2.29424138,3.139216388,0
06:00.9,3.17536638,2.32239196,2.32239196,3.175366388,0
06:00.5,3.07602444,2.17228863,2.17228863,3.076024448,0
06:00.1,3.04769007,2.12082388,2.12082388,3.047690078,0
06:00.6,3.02094402,2.19009076,2.19009076,3.020944028,0
06:00.3,3.09998288,2.14345309,2.14345309,3.099982888,0
06:00.7,3.17879857,2.33978257,2.33978257,3.178798578,0
06:00.4,3.15274229,2.35049529,2.35049529,3.152742298,0
06:00.1,2.9887503,2.2027103,2.2027103,2.988750308,0
06:00.5,3.06454652,2.28191772,2.28191772,3.064546528,0
06:00.7,3.07052977,2.26131977,2.26131977,3.070529778,0
06:00.2,3.14547744,2.30916877,2.30916877,3.145477448,0
06:00.6,3.15278899,2.36574633,2.36574633,3.152788998,0
06:01.0,3.02428916,2.24510416,2.24510416,3.024289168,0
06:00.3,3.06449298,2.24688881,2.24688881,3.064492988,0
06:00.8,2.87130083,2.10742083,2.10742083,2.871300838,0
06:00.0,2.71350022,1.89762344,1.89762344,2.713500228,0
06:00.4,2.62461022,1.90200022,1.90200022,2.624610228,0
06:00.7,2.6052666,1.85676541,1.85676541,2.605266608,0
06:00.3,2.5109166,1.81401659,1.81401659,2.510916608,0
06:00.6,2.42267362,1.73112112,1.73112112,2.422673628,0
06:00.9,2.18186165,1.42929204,1.42929204,2.181861658,0
06:00.3,2.2610034,1.60996158,1.60996158,2.261003408,0
06:00.6,2.2905534,1.6468734,1.6468734,2.290553408,0
06:00.1,2.20780196,1.56859196,1.56859196,2.207801968,0
06:00.7,2.186596,1.55322921,1.55322921,2.186596008,0
06:00.9,2.13524354,1.48160354,1.48160354,2.135243548,0
06:00.2,1.85435778,1.25011778,1.25011778,1.854357788,0
06:00.4,1.5181627,0.97274269,0.97274269,1.518162708,0
06:00.6,1.27438701,0.78215451,0.78215451,1.274387018,0
05:59.3,1.32963652,0.80162679,0.80162679,1.329636528,0
06:00.7,1.33446078,0.85354828,0.85354828,1.334460788,0
06:00.2,1.36346593,0.88529593,0.88529593,1.363465938,0
06:00.8,1.24929469,0.78107219,0.78107219,1.249294698,0
06:00.1,1.18483788,0.72090931,0.72090931,1.184837888,0
06:00.6,1.19002009,0.74091008,0.74091008,1.190020098,0
06:00.9,1.21718389,0.77177889,0.77177889,1.217183898,0
06:00.2,1.08508998,0.64655498,0.64655498,1.085089988,0
06:00.5,1.20010298,0.77621297,0.77621297,1.200102988,0
06:00.1,1.22537347,0.7996133,0.7996133,1.225373478,0
06:00.7,1.20790071,0.7840107,0.7840107,1.207900718,0
06:00.2,1.12502893,0.70646893,0.70646893,1.125028938,0
06:00.7,1.08501389,0.66863388,0.66863388,1.085013898,0
06:00.0,1.13245929,0.67504906,0.67504906,1.132459298,0
06:00.3,1.12011833,0.74190583,0.74190583,1.120118338,0
06:00.6,1.18208747,0.80004778,0.80004778,1.182087478,0
06:00.1,1.18555572,0.78712579,0.78712579,1.185555728,0
06:00.5,1.18718989,0.83731906,0.83731906,1.187189898,0
06:01.0,1.06293848,0.71994348,0.71994348,1.062938488,0
06:00.4,0.68348384,0.42108883,0.42108883,0.683483844,0
06:00.8,0.78943751,0.5382775,0.5382775,0.789437514,0
06:00.2,0.75168677,0.50197588,0.50197588,0.751686774,0
06:00.6,0.72800968,0.48388968,0.48388968,0.728009684,0
06:00.2,0.71732436,0.47567436,0.47567436,0.717324364,0
06:00.6,0.6800667,0.42345997,0.42345997,0.680066704,0
06:00.1,0.70894899,0.48046899,0.48046899,0.708948994,0
06:00.3,0.73695874,0.50610674,0.50610674,0.736958744,0
06:00.5,0.68983739,0.45326045,0.45326045,0.689837394,0
06:00.0,0.69402714,0.44634371,0.44634371,0.694027144,0
06:00.4,0.62571272,0.4158877,0.4158877,0.625712724,0
06:00.0,0.65826272,0.41537898,0.41537898,0.658262724,0
06:00.4,0.66285264,0.47770014,0.47770014,0.662852644,0
06:00.7,0.685637,0.50258804,0.50258804,0.685637004,0
06:00.0,0.72033276,0.50533669,0.50533669,0.720332764,0
06:00.5,0.70043276,0.52254776,0.52254776,0.700432764,0
06:00.8,0.70296882,0.53078782,0.53078782,0.702968824,0
36:55.3,0.69638989,0.51000138,0.51000138,0.696389894,0
06:01.4,0.68673989,0.51601989,0.51601989,0.686739894,0
06:00.8,0.68876332,0.51804332,0.51804332,0.688763324,0
06:00.5,0.71981254,0.5056749,0.5056749,0.719812544,0
06:00.4,0.74147258,0.54086995,0.54086995,0.741472584,0
06:00.6,1.00390513,0.80378763,0.80378763,1.003905134,0
06:00.4,0.93080344,0.72118344,0.72118344,0.930803444,0
06:01.0,0.88867637,0.67012636,0.67012636,0.888676374,0
06:00.5,0.90032637,0.68118887,0.68118887,0.900326374,0
06:00.0,0.96004907,0.73636776,0.73636776,0.960049074,0
06:00.8,0.96140959,0.73744458,0.73744458,0.961409594,0
06:00.3,0.87985633,0.65632883,0.65632883,0.879856334,0
06:00.2,0.91659918,0.69126417,0.69126417,0.916599184,0
06:00.2,0.90507575,0.67661325,0.67661325,0.905075754,0
06:00.9,0.89435717,0.67022717,0.67022717,0.894357174,0
06:00.4,0.8836808,0.6582983,0.6582983,0.883680804,0
06:00.3,0.87291627,0.64812897,0.64812897,0.872916274,0
06:00.8,0.87452579,0.63453043,0.63453043,0.874525794,0
06:00.6,0.88796308,0.66258057,0.66258057,0.887963084,0
06:01.0,0.78169406,0.55057035,0.55057035,0.781694064,0
06:00.3,0.77181985,0.55792735,0.55792735,0.771819854,0
06:00.8,0.78574163,0.5689635,0.5689635,0.785741634,0
06:00.2,0.7646321,0.55133209,0.55133209,0.764632104,0
06:00.6,0.81329179,0.59586978,0.59586978,0.813291794,0
06:00.9,0.81543472,0.60522472,0.60522472,0.815434724,0
06:00.2,0.80599494,0.59069171,0.59069171,0.805994944,0
06:00.6,0.84277088,0.62846517,0.62846517,0.842770884,0
06:00.1,0.85590541,0.64313848,0.64313848,0.855905414,0
06:00.6,0.85739903,0.64636354,0.64636354,0.857399034,0
06:01.0,0.81316754,0.60262754,0.60262754,0.813167544,0
06:00.3,0.80322463,0.59326462,0.59326462,0.803224634,0
06:00.8,0.81608584,0.6073394,0.6073394,0.816085844,0
06:00.3,0.7947011,0.5871261,0.5871261,0.794701104,0
06:00.7,0.79672588,0.58915088,0.58915088,0.796725884,0
06:00.1,0.84376835,0.63571834,0.63571834,0.843768354,0
06:00.3,0.84546764,0.63638933,0.63638933,0.845467644,0
06:00.6,0.86932149,0.61929894,0.61929894,0.869321494,0
06:00.1,0.88257526,0.66862612,0.66862612,0.882575264,0
06:00.4,0.88383941,0.67321789,0.67321789,0.883839414,0
06:00.7,0.87404475,0.66407911,0.66407911,0.874044754,0
06:00.5,0.80731376,0.60154376,0.60154376,0.807313764,0
06:00.1,0.83116957,0.62425957,0.62425957,0.831169574,0
06:00.4,0.83332489,0.62641488,0.62641488,0.833324894,0
06:00.7,0.87957376,0.66649701,0.66649701,0.879573764,0
06:00.1,0.87007697,0.66145697,0.66145697,0.870076974,0
06:00.4,0.89453808,0.66237244,0.66237244,0.894538084,0
06:00.7,0.90725224,0.69681263,0.69681263,0.907252244,0
06:00.1,0.93126987,0.70372314,0.70372314,0.931269874,0
06:00.5,0.88821068,0.67718568,0.67718568,0.888210684,0
06:00.7,0.93381068,0.71847221,0.71847221,0.933810684,0
06:00.3,0.92367783,0.70678335,0.70678335,0.923677834,0
06:00.6,0.92442737,0.70427736,0.70427736,0.924427374,0
06:00.1,0.96120258,0.73646201,0.73646201,0.961202584,0
06:00.7,0.99792617,0.77126397,0.77126397,0.997926174,0
06:00.1,0.95080912,0.72388911,0.72388911,0.950809124,0
06:00.6,0.98800036,0.75912597,0.75912597,0.988000364,0
06:01.0,1.00094434,0.77141372,0.77141372,1.000944344,0
06:00.3,1.00174052,0.75351444,0.75351444,1.001740524,0
06:00.5,1.00312446,0.76166445,0.76166445,1.003124464,0
06:00.0,1.003855,0.77449499,0.77449499,1.003855004,0
06:00.3,0.99202343,0.76327342,0.76327342,0.992023434,0
05:59.0,1.00500371,0.77479428,0.77479428,1.005003714,0
06:00.3,0.94467223,0.71279723,0.71279723,0.944672234,0
06:00.6,0.9703625,0.7372375,0.7372375,0.970362504,0
06:00.1,0.93403176,0.69723175,0.69723175,0.934031764,0
06:00.6,0.97330181,0.73458181,0.73458181,0.973301814,0
06:00.9,0.98711801,0.747758,0.747758,0.987118014,0
06:00.2,0.97506095,0.73634095,0.73634095,0.975060954,0
06:00.6,0.98915366,0.72907208,0.72907208,0.989153664,0
06:00.1,0.95273533,0.71529533,0.71529533,0.952735334,0
06:00.9,0.91502194,0.67950194,0.67950194,0.915021944,0
06:00.2,0.91609621,0.68053252,0.68053252,0.916096214,0
06:00.9,0.92999547,0.6949348,0.6949348,0.929995474,0
06:00.1,0.94531535,0.71087685,0.71087685,0.945315354,0
06:00.7,0.95781535,0.68567609,0.68567609,0.957815354,0
06:00.1,0.95940205,0.7204498,0.7204498,0.959402054,0
06:00.5,0.9730213,0.71967355,0.71967355,0.973021304,0
06:00.3,0.9627247,0.72206719,0.72206719,0.962724704,0
06:00.7,0.95111839,0.71616839,0.71616839,0.951118394,0
06:00.2,0.97781699,0.73973699,0.73973699,0.977816994,0
06:00.7,0.97855872,0.74047872,0.74047872,0.978558724,0
06:00.0,0.91593431,0.6828893,0.6828893,0.915934314,0
06:00.4,0.91698863,0.68394362,0.68394362,0.916988634,0
06:00.7,0.91831012,0.68526512,0.68526512,0.918310124,0
06:00.4,0.93156386,0.70104876,0.70104876,0.931563864,0
06:01.0,0.93266815,0.70082815,0.70082815,0.932668154,0
06:00.3,0.93319577,0.70135577,0.70135577,0.933195774,0
06:00.6,0.93434117,0.68708591,0.68708591,0.934341174,0
06:00.9,0.94885508,0.71638507,0.71638507,0.948855084,0
06:00.3,0.93712283,0.70528282,0.70528282,0.937122834,0
06:00.6,0.97543221,0.72370045,0.72370045,0.975432214,0
06:00.0,0.97653296,0.7427967,0.7427967,0.976532964,0
06:00.4,0.97706627,0.74333627,0.74333627,0.977066274,0
06:00.9,0.97811435,0.74438434,0.74438434,0.978114354,0
06:00.4,0.96638418,0.73328418,0.73328418,0.966384184,0
06:00.7,0.97964009,0.74590384,0.74590384,0.979640094,0
06:00.2,0.99306759,0.75870759,0.75870759,0.993067594,0
06:00.5,0.9940144,0.7577944,0.7577944,0.994014404,0
06:00.8,1.01977368,0.78205763,0.78205763,1.019773684,0
06:00.1,0.98305753,0.74747252,0.74747252,0.983057534,0
06:00.6,1.02175519,0.77288285,0.77288285,1.021755194,0
06:00.9,1.02158418,0.77848418,0.77848418,1.021584184,0
06:00.7,0.98306924,0.73635424,0.73635424,0.983069244,0
06:01.0,1.00946924,0.76142424,0.76142424,1.009469244,0
06:00.7,1.0101487,0.7632852,0.7632852,1.010148704,0
06:00.1,0.99732782,0.74994782,0.74994782,0.997327824,0
06:00.7,0.9723212,0.7262712,0.7262712,0.972321204,0
06:00.1,0.9865643,0.7398493,0.7398493,0.986564304,0
06:00.3,1.00068746,0.75286763,0.75286763,1.000687464,0
05:59.1,0.98863649,0.74192149,0.74192149,0.988636494,0
06:00.5,1.01558154,0.76425871,0.76425871,1.015581544,0
06:00.8,1.01649241,0.76844741,0.76844741,1.016492414,0
06:00.4,1.04376129,0.77639785,0.77639785,1.043761294,0
06:00.8,1.03162764,0.76858877,0.76858877,1.031627644,0
06:00.2,1.00581847,0.75843846,0.75843846,1.005818474,0
06:00.9,0.97974747,0.73369746,0.73369746,0.979747474,0
06:00.4,0.99439704,0.73075568,0.73075568,0.994397044,0
06:00.8,1.02222303,0.77239233,0.77239233,1.022223034,0
06:00.2,1.00902303,0.76164303,0.76164303,1.009023034,0
06:00.7,1.04934486,0.76190158,0.76190158,1.049344864,0
06:01.0,1.03709019,0.76674275,0.76674275,1.037090194,0
06:00.5,1.03791243,0.78783966,0.78783966,1.037912434,0
06:00.9,1.01195181,0.7645718,0.7645718,1.011951814,0
06:00.1,0.91901344,0.67263844,0.67263844,0.919013444,0
06:00.4,0.8795166,0.63697659,0.63697659,0.879516604,0
06:00.8,0.90652326,0.66039023,0.66039023,0.906523264,0
06:00.1,0.89333913,0.65012913,0.65012913,0.893339134,0
06:00.7,0.86776546,0.62589546,0.62589546,0.867765464,0
06:00.9,0.84173912,0.51776887,0.51776887,0.841739124,0
06:00.6,0.89403876,0.58918906,0.58918906,0.894038764,0
06:01.0,0.80637831,0.57853831,0.57853831,0.806378314,0
06:00.3,0.76931478,0.54692478,0.54692478,0.769314784,0
06:00.7,0.82069891,0.60377248,0.60377248,0.820698914,0
06:01.0,0.83385237,0.6196651,0.6196651,0.833852374,0
06:00.2,0.7880193,0.5773893,0.5773893,0.788019304,0
06:00.5,0.76586702,0.5582852,0.5582852,0.765867024,0
06:00.8,0.75547629,0.55487626,0.55487626,0.755476294,0
06:00.2,0.74551069,0.53288731,0.53288731,0.745510694,0
06:00.7,0.71319278,0.51713777,0.51713777,0.713192784,0
06:00.1,0.74861939,0.55275855,0.55275855,0.748619394,0
06:00.4,0.7407828,0.5453428,0.5453428,0.740782804,0
06:00.7,0.6630828,0.4715628,0.4715628,0.663082804,0
06:00.0,0.68855489,0.50107488,0.50107488,0.688554894,0
06:00.3,0.67775489,0.49081988,0.49081988,0.677754894,0
06:00.6,0.65684592,0.47100092,0.47100092,0.656845924,0
06:00.9,0.64709797,0.46179797,0.46179797,0.647097974,0
06:00.3,0.75522723,0.5464699,0.5464699,0.755227234,0
06:00.5,0.73476441,0.5503244,0.5503244,0.734764414,0
06:00.9,0.68266441,0.50687691,0.50687691,0.682664414,0
06:00.3,0.72263187,0.54479437,0.54479437,0.722631874,0
06:00.5,0.77393266,0.58502851,0.58502851,0.773932664,0
06:00.0,0.7738927,0.59156192,0.59156192,0.773892704,0
06:00.3,0.7739437,0.59001873,0.59001873,0.773943704,0
06:00.8,0.74289734,0.56027325,0.56027325,0.742897344,0
06:00.2,0.74257225,0.56019842,0.56019842,0.742572254,0
06:00.8,0.74257225,0.55953809,0.55953809,0.742572254,0
06:00.0,0.73182853,0.54936718,0.54936718,0.731828534,0
05:58.8,0.73162323,0.54852204,0.54852204,0.731623234,0
06:00.2,0.70064887,0.52038637,0.52038637,0.700648874,0
06:00.6,0.69019488,0.51131487,0.51131487,0.690194884,0
06:00.9,0.6699996,0.4955796,0.4955796,0.669999604,0
06:00.3,0.69041092,0.48847962,0.48847962,0.690410924,0
06:00.7,0.72110815,0.54393271,0.54393271,0.721108154,0
06:00.3,0.72137025,0.54440024,0.54440024,0.721370254,0
06:00.7,0.73187703,0.55264275,0.55264275,0.731877034,0
06:01.0,0.76249123,0.58125968,0.58125968,0.762491234,0
06:00.4,0.77336663,0.5733723,0.5733723,0.773366634,0
06:00.8,0.76291823,0.57688822,0.57688822,0.762918234,0
06:00.2,0.79490324,0.58896197,0.58896197,0.794903244,0
06:00.7,0.79509504,0.59984607,0.59984607,0.795095044,0
06:01.0,0.8061499,0.6108999,0.6108999,0.806149904,0
06:00.5,0.81734785,0.62100699,0.62100699,0.817347854,0
06:00.8,0.81749142,0.62135809,0.62135809,0.817491424,0
06:00.1,0.87246782,0.66784811,0.66784811,0.872467824,0
06:00.6,0.88390753,0.64625297,0.64625297,0.883907534,0
06:00.2,0.85052761,0.64948761,0.64948761,0.850527614,0
06:00.4,0.82807656,0.62637156,0.62637156,0.828076564,0
06:00.2,0.85062462,0.62273312,0.62273312,0.850624624,0
06:00.5,0.81697346,0.61227345,0.61227345,0.816973464,0
06:00.9,0.81698974,0.61228974,0.61228974,0.816989744,0
06:00.2,0.81682695,0.61137295,0.61137295,0.816826954,0
06:00.5,0.80533247,0.59943246,0.59943246,0.805332474,0
06:00.9,0.79375878,0.58843878,0.58843878,0.793758784,0
06:00.2,0.79394658,0.58862658,0.58862658,0.793946584,0
06:00.5,0.79420786,0.57738786,0.57738786,0.794207864,0
06:00.8,0.8060957,0.5951028,0.5951028,0.806095704,0
06:00.1,0.79486923,0.58954923,0.58954923,0.794869234,0
06:00.4,0.79509314,0.5892101,0.5892101,0.795093144,0
06:00.0,0.80684554,0.60060306,0.60060306,0.806845544,0
06:00.5,0.80730686,0.60046179,0.60046179,0.807306864,0
06:00.0,0.80791107,0.60179142,0.60179142,0.807911074,0
06:00.5,0.81986015,0.61338015,0.61338015,0.819860154,0
06:00.8,0.83178712,0.62448699,0.62448699,0.831787124,0
06:00.4,0.8321443,0.62508429,0.62508429,0.832144304,0
06:00.7,0.80957948,0.60367948,0.60367948,0.809579484,0
06:01.0,0.81014604,0.60423684,0.60423684,0.810146044,0
06:00.8,0.79915223,0.59383222,0.59383222,0.799152234,0
06:00.1,0.81065223,0.60424853,0.60424853,0.810652234,0
06:00.7,0.83345223,0.6127017,0.6127017,0.833452234,0
06:00.3,0.79855223,0.57986222,0.57986222,0.798552234,0
06:00.6,0.79855223,0.59146222,0.59146222,0.798552234,0
06:00.9,0.82145223,0.61675222,0.61675222,0.821452234,0
06:00.2,0.83285223,0.62511688,0.62511688,0.832852234,0
06:00.4,0.81005223,0.60592723,0.60592723,0.810052234,0
06:00.8,0.81005223,0.6055565,0.6055565,0.810052234,0
05:58.6,0.82145223,0.61675222,0.61675222,0.821452234,0
06:00.9,0.82145223,0.61673467,0.61673467,0.821452234,0
06:00.2,0.79865223,0.59464189,0.59464189,0.798652234,0
06:00.5,0.79865223,0.59509607,0.59509607,0.798652234,0
06:00.3,0.83285223,0.5881599,0.5881599,0.832852234,0
06:00.6,0.82145223,0.60509002,0.60509002,0.821452234,0
06:00.9,0.82145223,0.61675222,0.61675222,0.821452234,0
06:00.3,0.83285223,0.61617723,0.61617723,0.832852234,0
06:00.6,0.82145223,0.61675222,0.61675222,0.821452234,0
06:01.0,0.79865223,0.59510223,0.59510223,0.798652234,0
06:00.3,0.81005223,0.59630223,0.59630223,0.810052234,0
06:00.6,0.79875223,0.59874223,0.59874223,0.798752234,0
06:01.0,0.83265223,0.57094395,0.57094395,0.832652234,0
06:00.4,0.83275223,0.62734088,0.62734088,0.832752234,0
06:00.7,0.83275223,0.62727134,0.62727134,0.832752234,0
06:00.3,0.83275223,0.62678912,0.62678912,0.832752234,0
06:00.0,0.83275223,0.60677984,0.60677984,0.832752234,0
06:00.4,0.83275223,0.62747722,0.62747722,0.832752234,0
06:00.9,0.78715223,0.58417722,0.58417722,0.787152234,0
06:00.3,0.77585223,0.57433223,0.57433223,0.775852234,0
06:00.8,0.78720223,0.56915753,0.56915753,0.787202234,0
06:00.2,0.77585223,0.57433223,0.57433223,0.775852234,0
06:00.4,0.78720223,0.58507091,0.58507091,0.787202234,0
06:00.8,0.78700223,0.58912384,0.58912384,0.787002234,0
06:00.2,0.77585223,0.57785223,0.57785223,0.775852234,0
06:00.4,0.79815223,0.59902723,0.59902723,0.798152234,0
06:00.9,0.79815223,0.58508906,0.58508906,0.798152234,0
06:00.2,0.78700223,0.56665998,0.56665998,0.787002234,0
06:00.7,0.78690223,0.59154823,0.59154823,0.786902234,0
06:00.0,0.78690223,0.58285174,0.58285174,0.786902234,0
06:00.4,0.79785223,0.59944059,0.59944059,0.797852234,0
06:00.7,0.75385223,0.55872723,0.55872723,0.753852234,0
06:00.1,0.79785223,0.6014048,0.6014048,0.797852234,0
06:00.5,0.78700223,0.58987212,0.58987212,0.787002234,0
06:00.8,0.78700223,0.58991986,0.58991986,0.787002234,0
06:00.1,0.79805223,0.60063932,0.60063932,0.798052234,0
06:00.5,0.79805223,0.6006265,0.6006265,0.798052234,0
06:00.8,0.79805223,0.5799219,0.5799219,0.798052234,0
06:00.3,0.79805223,0.60069148,0.60069148,0.798052234,0
06:00.6,0.79805223,0.6006338,0.6006338,0.798052234,0
06:00.9,0.78700223,0.59020473,0.59020473,0.787002234,0
06:00.6,0.77595223,0.58075259,0.58075259,0.775952234,0
06:00.1,0.78690223,0.59137128,0.59137128,0.786902234,0
06:00.5,0.79785223,0.60096615,0.60096615,0.797852234,0
06:00.7,0.77595223,0.58147222,0.58147222,0.775952234,0
06:00.0,0.78690223,0.58059889,0.58059889,0.786902234,0
06:00.3,0.77595223,0.5811446,0.5811446,0.775952234,0
06:00.2,0.78690223,0.59186973,0.59186973,0.786902234,0
05:59.1,0.79785223,0.60226197,0.60226197,0.797852234,0
06:00.5,0.78690223,0.59150531,0.59150531,0.786902234,0
06:00.9,0.78690223,0.59122805,0.59122805,0.786902234,0
06:00.2,0.75405223,0.56067723,0.56067723,0.754052234,0
06:00.6,0.78670223,0.59088403,0.59088403,0.786702234,0
06:00.2,0.77595223,0.58499222,0.58499222,0.775952234,0
06:00.4,0.77595223,0.5847611,0.5847611,0.775952234,0
06:00.8,0.76688621,0.55506696,0.55506696,0.766886214,0
06:00.1,0.76114158,0.55704004,0.55704004,0.761141584,0
06:00.5,0.76596285,0.57375278,0.57375278,0.765962854,0
06:00.9,0.76111095,0.56952349,0.56952349,0.761110954,0
06:00.2,0.7461424,0.55962989,0.55962989,0.746142404,0
06:00.6,0.7194466,0.53235374,0.53235374,0.719446604,0
06:00.2,0.72516416,0.52183634,0.52183634,0.725164164,0
06:00.6,0.74928785,0.5630074,0.5630074,0.749287854,0
06:00.1,0.75165344,0.56472177,0.56472177,0.751653444,0
06:00.5,0.72045229,0.53523358,0.53523358,0.720452294,0
06:01.0,0.72118653,0.53494086,0.53494086,0.721186534,0
06:00.3,0.7220194,0.53672711,0.53672711,0.722019404,0
06:00.6,0.72255638,0.53741791,0.53741791,0.722556384,0
06:00.0,0.72307875,0.53797193,0.53797193,0.723078754,0
06:00.3,0.72371622,0.53871625,0.53871625,0.723716224,0
06:00.7,0.71405617,0.53023117,0.53023117,0.714056174,0
06:01.0,0.72559384,0.54033834,0.54033834,0.725593844,0
06:00.3,0.7264742,0.54280426,0.54280426,0.726474204,0
06:00.6,0.72735456,0.54379709,0.54379709,0.727354564,0
06:00.0,0.72735456,0.54470705,0.54470705,0.727354564,0
06:00.3,0.67479734,0.49819233,0.49819233,0.674797344,0
06:00.6,0.67572279,0.49847091,0.49847091,0.675722794,0
06:00.1,0.66591852,0.4752272,0.4752272,0.665918524,0
06:00.3,0.61537872,0.44190872,0.44190872,0.615378724,0
06:00.7,0.70727906,0.39108901,0.39108901,0.707279064,0
06:00.1,0.70773214,0.53552713,0.53552713,0.707732144,0
06:00.4,0.70803214,0.50594589,0.50594589,0.708032144,0
06:00.7,0.69924524,0.52234535,0.52234535,0.699245244,0
06:00.2,0.71002709,0.53139462,0.53139462,0.710027094,0
06:00.6,0.70023254,0.52532827,0.52532827,0.700232544,0
06:00.2,0.69059825,0.51686075,0.51686075,0.690598254,0
06:00.4,0.69059825,0.51686075,0.51686075,0.690598254,0
06:00.7,0.70210156,0.52785156,0.52785156,0.702101564,0
06:00.1,0.67271508,0.50000257,0.50000257,0.672715084,0
06:00.6,0.67357706,0.49998633,0.49998633,0.673577064,0
06:00.1,0.70412706,0.5077338,0.5077338,0.704127064,0
06:00.6,0.69533204,0.51989954,0.51989954,0.695332044,0
06:00.1,0.70646723,0.52934606,0.52934606,0.706467234,0
06:00.4,0.75781723,0.56307549,0.56307549,0.757817234,0
06:00.9,0.67578889,0.49633639,0.49633639,0.675788894,0
06:00.2,0.68682674,0.49067544,0.49067544,0.686826744,0
05:59.0,0.67689644,0.49771673,0.49771673,0.676896444,0
06:00.5,0.67793676,0.49797963,0.49797963,0.677936764,0
25:09.6,0.67051932,0.48912111,0.48912111,0.670519324,0
06:00.6,0.66011932,0.48424432,0.48424432,0.660119324,0
06:00.3,0.67225627,0.48243912,0.48243912,0.672256274,0
06:00.9,0.66336136,0.48748636,0.48748636,0.663361364,0
32:20.0,0.67376136,0.49568113,0.49568113,0.673761364,0
06:00.7,0.67502284,0.49736136,0.49736136,0.675022844,0
06:00.3,0.67593837,0.49860952,0.49860952,0.675938374,0
06:00.7,0.68682759,0.48875709,0.48875709,0.686827594,0
06:00.1,0.69778299,0.51806616,0.51806616,0.697782994,0
06:00.5,0.69738299,0.51824298,0.51824298,0.697382994,0
06:00.9,0.71969097,0.53831013,0.53831013,0.719690974,0
06:00.5,0.72041925,0.53747833,0.53747833,0.720419254,0
06:00.8,0.73091925,0.53582629,0.53582629,0.730919254,0
06:00.1,0.73210908,0.55074931,0.55074931,0.732109084,0
06:00.6,0.70060908,0.52146908,0.52146908,0.700609084,0
06:00.1,0.70152591,0.52198369,0.52198369,0.701525914,0
06:00.5,0.70152591,0.52205915,0.52205915,0.701525914,0
06:00.9,0.69219895,0.51301817,0.51301817,0.692198954,0
06:00.3,0.69287127,0.51355304,0.51355304,0.692871274,0
06:00.6,0.69331004,0.51594143,0.51594143,0.693310044,0
06:00.9,0.68334435,0.50526434,0.50526434,0.683344354,0
06:00.4,0.68406974,0.50598974,0.50598974,0.684069744,0
06:00.8,0.69567729,0.51753721,0.51753721,0.695677294,0
06:00.3,0.69567729,0.51706266,0.51706266,0.695677294,0
06:00.6,0.69743239,0.5178294,0.5178294,0.697432394,0
06:00.9,0.67693539,0.49888239,0.49888239,0.676935394,0
06:00.2,0.67693539,0.49938539,0.49938539,0.676935394,0
06:00.1,0.69839267,0.5195124,0.5195124,0.698392674,0
06:00.6,0.69959148,0.50616846,0.50616846,0.699591484,0
06:00.1,0.72019148,0.54285284,0.54285284,0.720191484,0
06:00.8,0.71110806,0.53466571,0.53466571,0.711108064,0
06:00.1,0.74250039,0.53086553,0.53086553,0.742500394,0
06:00.8,0.79421422,0.61347536,0.61347536,0.794214224,0
06:00.3,0.80485376,0.62118383,0.62118383,0.804853764,0
06:00.9,0.87697892,0.61172156,0.61172156,0.876978924,0
06:00.6,0.88745992,0.69237892,0.69237892,0.887459924,0
06:00.0,0.86638826,0.67753326,0.67753326,0.866388264,0
06:00.3,0.86647903,0.66983749,0.66983749,0.866479034,0
06:00.8,0.86607488,0.658294,0.658294,0.866074884,0
06:00.7,0.86591624,0.67472015,0.67472015,0.865916244,0
06:00.0,0.86562246,0.66371477,0.66371477,0.865622464,0
06:01.0,0.85454097,0.66446097,0.66446097,0.854540974,0
06:00.3,0.85454097,0.66441816,0.66441816,0.854540974,0
06:00.6,0.84336263,0.65382262,0.65382262,0.843362634,0
06:00.1,0.83287779,0.64037779,0.64037779,0.832877794,0
06:00.4,0.8440303,0.65061726,0.65061726,0.844030304,0
06:00.8,0.8222688,0.6303188,0.6303188,0.822268804,0
06:00.4,0.8332688,0.63890044,0.63890044,0.833268804,0
06:00.8,0.84443435,0.62920191,0.62920191,0.844434354,0
06:00.3,0.8445382,0.63405552,0.63405552,0.844538204,0
06:00.7,0.82210282,0.62491782,0.62491782,0.822102824,0
06:00.3,0.85765681,0.65382981,0.65382981,0.857656814,0
06:00.9,0.81325936,0.60868218,0.60868218,0.813259364,0
06:00.6,0.80312413,0.59958185,0.59958185,0.803124134,0
06:00.9,0.82622413,0.61928922,0.61928922,0.826224134,0
06:00.4,0.8633499,0.6539099,0.6539099,0.863349904,0
06:00.0,0.87607078,0.6614849,0.6614849,0.876070784,0
06:00.6,0.87709166,0.66250578,0.66250578,0.877091664,0
06:01.0,0.85380349,0.64249165,0.64249165,0.853803494,0
06:00.5,0.85380349,0.64072968,0.64072968,0.853803494,0
06:00.9,0.84391791,0.63216791,0.63216791,0.843917914,0
06:00.6,0.89191791,0.62498103,0.62498103,0.891917914,0
06:00.9,0.881936,0.66753227,0.66753227,0.881936004,0
06:00.2,0.89484507,0.67825639,0.67825639,0.894845074,0
06:00.6,0.88327107,0.66970606,0.66970606,0.883271074,0
06:01.0,0.90717735,0.6912645,0.6912645,0.907177354,0
06:00.4,0.90683229,0.69158832,0.69158832,0.906832294,0
06:00.8,0.91868319,0.69865271,0.69865271,0.918683194,0
06:00.1,0.90660651,0.69180222,0.69180222,0.906606514,0
06:00.7,0.91860651,0.68880754,0.68880754,0.918606514,0
05:58.6,0.93057669,0.699404,0.699404,0.930576694,0
06:00.9,0.91922176,0.70384176,0.70384176,0.919221764,0
06:00.3,0.93240083,0.71565334,0.71565334,0.932400834,0
06:00.7,0.94552752,0.72400408,0.72400408,0.945527524,0
06:00.1,0.94580246,0.72921246,0.72921246,0.945802464,0
06:00.8,0.97049841,0.7518272,0.7518272,0.970498414,0
06:00.3,1.05467313,0.82273292,0.82273292,1.054673134,0
06:00.6,1.07868692,0.85024484,0.85024484,1.078686924,0
06:00.4,1.07771055,0.84907517,0.84907517,1.077710554,0
06:00.9,1.04026074,0.80891574,0.80891574,1.040260744,0
06:00.3,1.02735226,0.79375226,0.79375226,1.027352264,0
06:00.7,1.02680527,0.79230102,0.79230102,1.026805274,0
06:01.0,1.0138437,0.77906369,0.77906369,1.013843704,0
06:00.5,1.01299107,0.77759948,0.77759948,1.012991074,0
06:00.9,1.01299107,0.77560294,0.77560294,1.012991074,0
06:00.4,1.01249254,0.77752591,0.77752591,1.012492544,0
06:00.9,1.01205458,0.77727458,0.77727458,1.012054584,0
06:00.3,1.1271518,0.88411508,0.88411508,1.127151804,0
06:00.8,1.12665049,0.88606548,0.88606548,1.126650494,0
06:00.1,1.12593433,0.87747221,0.87747221,1.125934334,0
06:00.5,1.15116644,0.88501962,0.88501962,1.151166444,0
06:00.1,1.16368003,0.91723908,0.91723908,1.163680034,0
06:00.5,1.16290214,0.91944213,0.91944213,1.162902144,0
06:00.9,1.13665783,0.8868253,0.8868253,1.136657834,0
06:00.2,1.20168788,0.94940841,0.94940841,1.201687884,0
06:00.6,1.20060227,0.94856726,0.94856726,1.200602274,0
06:01.0,1.21295862,0.91308382,0.91308382,1.212958624,0
06:00.4,1.22539336,0.96821836,0.96821836,1.225393364,0
06:00.7,1.26461312,0.96498344,0.96498344,1.264613124,0
06:00.2,1.21007245,0.94882245,0.94882245,1.210072454,0
06:00.8,1.22282655,0.94523405,0.94523405,1.222826554,0
06:00.6,1.22192785,0.95808534,0.95808534,1.221927854,0
06:01.0,1.22119442,0.95735192,0.95735192,1.221194424,0
06:00.3,1.23443626,0.96907103,0.96907103,1.234436264,0
06:00.7,1.19246667,0.93000917,0.93000917,1.192466674,0
06:00.2,1.19218563,0.91897596,0.91897596,1.192185634,0
06:00.7,1.16387233,0.89317482,0.89317482,1.163872334,0
06:00.0,1.17755826,0.88107544,0.88107544,1.177558264,0
06:00.5,1.10596528,0.83460778,0.83460778,1.105965284,0
06:00.9,1.11996672,0.84481543,0.84481543,1.119966724,0
06:00.3,1.10491742,0.83355992,0.83355992,1.104917424,0
06:00.6,1.10461559,0.83325144,0.83325144,1.104615594,0
06:00.9,1.10461559,0.83325809,0.83325809,1.104615594,0
06:00.5,1.11880078,0.84665653,0.84665653,1.118800784,0
06:00.1,1.08953869,0.79979654,0.79979654,1.089538694,0
06:00.5,1.0605306,0.79135559,0.79135559,1.060530604,0
06:00.1,1.04607525,0.77762775,0.77762775,1.046075254,0
06:00.7,1.06067455,0.79142123,0.79142123,1.060674554,0
05:58.4,1.06087772,0.7908623,0.7908623,1.060877724,0
06:00.8,1.04648653,0.77803903,0.77803903,1.046486534,0
06:00.5,1.04656138,0.7781,0.7781,1.046561384,0
06:00.9,1.0180133,0.75102079,0.75102079,1.018013304,0
06:00.2,1.06171331,0.79206955,0.79206955,1.061713314,0
06:00.6,1.07657499,0.80666208,0.80666208,1.076574994,0
06:00.8,1.10614325,0.83290008,0.83290008,1.106143254,0
06:00.3,1.06299255,0.79196754,0.79196754,1.062992554,0
06:00.8,1.10674451,0.83081501,0.83081501,1.106744514,0
06:00.4,1.10687431,0.83458431,0.83458431,1.106874314,0
06:00.8,1.10694462,0.83464737,0.83464737,1.106944624,0
06:00.1,1.04885808,0.77948808,0.77948808,1.048858084,0
06:00.8,1.07755311,0.78720591,0.78720591,1.077553114,0
06:00.5,1.06304122,0.79479121,0.79479121,1.063041224,0
06:00.9,1.04847072,0.78206027,0.78206027,1.048470724,0
06:00.3,0.99206021,0.7365602,0.7365602,0.992060214,0
06:00.6,0.99276141,0.73817391,0.73817391,0.992761414,0
06:00.0,1.00716025,0.75553525,0.75553525,1.007160254,0
06:00.5,1.02241562,0.76762396,0.76762396,1.022415624,0
06:00.9,1.03616562,0.76205562,0.76205562,1.036165624,0
06:00.2,1.00904157,0.75009656,0.75009656,1.009041574,0
06:00.6,1.02380121,0.76340265,0.76340265,1.023801214,0
06:00.6,1.02443028,0.76436611,0.76436611,1.024430284,0
06:00.1,1.02500263,0.76467067,0.76467067,1.025002634,0
06:00.5,0.99741311,0.73907332,0.73907332,0.997413114,0
06:00.9,1.01234004,0.7551059,0.7551059,1.012340044,0
06:00.3,1.01286082,0.75554633,0.75554633,1.012860824,0
06:00.7,1.0132948,0.75588768,0.75588768,1.013294804,0
06:00.2,1.02766857,0.76964991,0.76964991,1.027668574,0
06:00.5,0.98690394,0.73119394,0.73119394,0.986903944,0
06:00.9,0.98804958,0.73233957,0.73233957,0.988049584,0
06:00.4,0.93342607,0.68490532,0.68490532,0.933426074,0
06:00.9,0.97617172,0.72867401,0.72867401,0.976171724,0
34:39.9,0.97617172,0.73013457,0.73013457,0.976171724,0
06:00.6,0.93582172,0.69192171,0.69192171,0.935821724,0
06:00.2,0.85599078,0.61792578,0.61792578,0.855990784,0
06:00.9,0.78976786,0.55506536,0.55506536,0.789767864,0
06:00.7,0.81837796,0.59110545,0.59110545,0.818377964,0
06:00.1,0.81956416,0.59201487,0.59201487,0.819564164,0
06:00.6,0.80785979,0.58112068,0.58112068,0.807859794,0
06:00.2,0.82163628,0.59611877,0.59611877,0.821636284,0
06:00.9,0.83550634,0.60849285,0.60849285,0.835506344,0
06:00.9,0.86196102,0.62357055,0.62357055,0.861961024,0
06:00.6,0.86292236,0.63803093,0.63803093,0.862922364,0
06:00.6,0.85144003,0.62816752,0.62816752,0.851440034,0
06:00.0,0.9027868,0.67600241,0.67600241,0.902786804,0
06:00.5,0.90417798,0.67987562,0.67987562,0.904177984,0
06:00.8,0.90421798,0.6801188,0.6801188,0.904217984,0
05:58.8,0.90463578,0.68032221,0.68032221,0.904635784,0
06:00.4,0.85548247,0.63573997,0.63573997,0.855482474,0
06:00.1,0.85582818,0.63540149,0.63540149,0.855828184,0
06:00.6,0.84402748,0.61023123,0.61023123,0.844027484,0
06:01.0,0.84499849,0.62557097,0.62557097,0.844998494,0
06:00.5,0.83323756,0.61737256,0.61737256,0.833237564,0
06:00.0,0.82195742,0.60845741,0.60845741,0.821957424,0
06:00.8,0.78657143,0.57663642,0.57663642,0.786571434,0
06:00.5,0.77556246,0.56398414,0.56398414,0.775562464,0
06:00.4,0.78924817,0.57931316,0.57931316,0.789248174,0
06:00.1,0.75545118,0.55077118,0.55077118,0.755451184,0
06:00.9,0.80336699,0.59955158,0.59955158,0.803366994,0
06:00.8,0.79284368,0.57641368,0.57641368,0.792843684,0
06:00.3,0.80548812,0.59703332,0.59703332,0.805488124,0
06:00.8,0.81838288,0.61509038,0.61509038,0.818382884,0
06:00.2,0.80799712,0.60528712,0.60528712,0.807997124,0
06:00.8,0.8205299,0.6154924,0.6154924,0.820529904,0
06:00.5,0.84466171,0.60401437,0.60401437,0.844661714,0
06:01.0,0.88073224,0.67148707,0.67148707,0.880732244,0
06:00.7,0.84594582,0.63534582,0.63534582,0.845945824,0
06:00.4,0.84638857,0.63484228,0.63484228,0.846388574,0
06:00.2,0.8349355,0.6249355,0.6249355,0.834935504,0
06:00.0,0.83547695,0.62547694,0.62547694,0.835476954,0
06:00.7,0.84777679,0.61430403,0.61430403,0.847776794,0
06:00.3,0.83641979,0.62613323,0.62613323,0.836419794,0
06:00.2,0.80115295,0.59295294,0.59295294,0.801152954,0
06:00.9,0.80167774,0.59317905,0.59317905,0.801677744,0
06:00.4,0.79034758,0.58244984,0.58244984,0.790347584,0
06:00.3,0.79105577,0.58339912,0.58339912,0.791055774,0
06:00.7,0.78020571,0.57320571,0.57320571,0.780205714,0
06:00.4,0.79306506,0.58529893,0.58529893,0.793065064,0
06:00.9,0.78184855,0.57657354,0.57657354,0.781848554,0
06:00.8,0.78247851,0.57547851,0.57547851,0.782478514,0
06:00.9,0.78328319,0.5755837,0.5755837,0.783283194,0
06:00.6,0.77193743,0.56553743,0.56553743,0.771937434,0
06:00.4,0.78470527,0.57726925,0.57726925,0.784705274,0
06:00.6,0.77397123,0.56891929,0.56891929,0.773971234,0
06:00.5,0.77535794,0.56980674,0.56980674,0.775357944,0
06:00.4,0.81075794,0.55431828,0.55431828,0.810757944,0
06:01.0,0.82392542,0.61476364,0.61476364,0.823925424,0
06:00.5,0.81212542,0.60566042,0.60566042,0.812125424,0
06:00.6,0.85986746,0.63179695,0.63179695,0.859867464,0
06:00.9,0.84921147,0.64086895,0.64086895,0.849211474,0
06:00.8,0.88620754,0.63502187,0.63502187,0.886207544,0
06:00.6,0.88777363,0.67220895,0.67220895,0.887773634,0
06:00.3,0.92526894,0.70988893,0.70988893,0.925268944,0
06:00.5,0.97474278,0.70598958,0.70598958,0.974742784,0
06:00.3,0.95203508,0.73186508,0.73186508,0.952035084,0
05:59.6,0.94089061,0.7231206,0.7231206,0.940890614,0
06:00.1,0.92864693,0.70970693,0.70970693,0.928646934,0
06:00.8,0.97740325,0.75591248,0.75591248,0.977403254,0
06:00.8,1.0029178,0.77847779,0.77847779,1.002917804,0
06:00.2,1.00329383,0.77704383,0.77704383,1.003293834,0
06:00.7,1.0291083,0.78709211,0.78709211,1.029108304,0
06:00.3,1.03014358,0.80264357,0.80264357,1.030143584,0
06:00.7,1.01869595,0.77598644,0.77598644,1.018695954,0
06:00.4,1.03286385,0.7999052,0.7999052,1.032863854,0
06:00.9,1.02016385,0.78784385,0.78784385,1.020163854,0
06:00.6,1.03276677,0.79567012,0.79567012,1.032766774,0
06:00.6,0.98149232,0.74929231,0.74929231,0.981492324,0
06:00.2,1.05820012,0.82136442,0.82136442,1.058200124,0
06:00.8,1.05813453,0.82153204,0.82153204,1.058134534,0
06:00.3,1.05805957,0.82198956,0.82198956,1.058059574,0
06:00.2,1.07046605,0.81031092,0.81031092,1.070466054,0
06:00.4,1.08287253,0.84544059,0.84544059,1.082872534,0
06:00.3,1.04488317,0.80763316,0.80763316,1.044883174,0
06:00.1,1.09630376,0.73682561,0.73682561,1.096303764,0
06:00.9,1.10940098,0.84971867,0.84971867,1.109400984,0
06:00.5,1.10937242,0.86641037,0.86641037,1.109372424,0
06:00.1,1.14811749,0.88047788,0.88047788,1.148117494,0
06:00.5,1.12160799,0.87396549,0.87396549,1.121607994,0
06:00.0,1.34012296,0.99746046,0.99746046,1.340122969,0
06:00.7,1.44793485,1.09015485,1.09015485,1.447934859,0
06:00.9,1.55406294,1.08774014,1.08774014,1.554062949,0
06:00.7,1.49692741,1.12128991,1.12128991,1.496927419,0
06:00.6,1.51427886,1.09761768,1.09761768,1.514278869,0
06:00.2,1.45962736,1.09188986,1.09188986,1.459627369,0
06:00.3,1.44058546,1.07074546,1.07074546,1.440585469,0
06:00.9,1.38580568,1.02171818,1.02171818,1.385805689,0
06:00.5,1.36752468,1.00434968,1.00434968,1.367524689,0
06:00.1,1.42104247,1.06114497,1.06114497,1.421042479,0
06:00.7,1.38493112,1.02682862,1.02682862,1.384931129,0
06:00.2,1.38361734,0.97935744,0.97935744,1.383617349,0
06:00.7,1.36598032,1.02229608,1.02229608,1.365980329,0
06:00.4,1.36440648,1.01217648,1.01217648,1.364406489,0
06:00.9,1.34716662,1.00276912,1.00276912,1.347166629,0
06:00.5,1.38122054,0.98410569,0.98410569,1.381220549,0
06:00.3,1.39802009,1.01069979,1.01069979,1.398020099,0
06:00.8,1.62272469,1.1322657,1.1322657,1.622724699,0
06:00.4,1.60786707,1.19016868,1.19016868,1.607867079,0
06:00.5,1.81943978,1.35834839,1.35834839,1.819439789,0
06:00.3,1.8395149,1.32343887,1.32343887,1.839514909,0
06:00.1,1.79992229,1.34576925,1.34576925,1.799922299,0
06:00.9,1.83250593,1.36504593,1.36504593,1.832505939,0
06:00.7,1.81125593,1.31005843,1.31005843,1.811255939,0
06:00.7,1.66080844,1.21025177,1.21025177,1.660808449,0
05:59.1,1.57866938,1.15636938,1.15636938,1.578669389,0
06:00.8,1.65732534,1.24444534,1.24444534,1.657325349,0
06:00.1,1.67606287,1.23542181,1.23542181,1.676062879,0
06:00.1,1.65523983,1.23528819,1.23528819,1.655239839,0
06:00.7,1.63426187,1.18995258,1.18995258,1.634261879,0
